Postcode,State
0,BLANK
1,BLANK
2,BLANK
3,BLANK
4,BLANK
5,BLANK
6,BLANK
7,BLANK
8,BLANK
9,BLANK
10,BLANK
11,BLANK
12,BLANK
13,BLANK
14,BLANK
15,BLANK
16,BLANK
17,BLANK
18,BLANK
19,BLANK
20,BLANK
21,BLANK
22,BLANK
23,BLANK
24,BLANK
25,BLANK
26,BLANK
27,BLANK
28,BLANK
29,BLANK
30,BLANK
31,BLANK
32,BLANK
33,BLANK
34,BLANK
35,BLANK
36,BLANK
37,BLANK
38,BLANK
39,BLANK
40,BLANK
41,BLANK
42,BLANK
43,BLANK
44,BLANK
45,BLANK
46,BLANK
47,BLANK
48,BLANK
49,BLANK
50,BLANK
51,BLANK
52,BLANK
53,BLANK
54,BLANK
55,BLANK
56,BLANK
57,BLANK
58,BLANK
59,BLANK
60,BLANK
61,BLANK
62,BLANK
63,BLANK
64,BLANK
65,BLANK
66,BLANK
67,BLANK
68,BLANK
69,BLANK
70,BLANK
71,BLANK
72,BLANK
73,BLANK
74,BLANK
75,BLANK
76,BLANK
77,BLANK
78,BLANK
79,BLANK
80,BLANK
81,BLANK
82,BLANK
83,BLANK
84,BLANK
85,BLANK
86,BLANK
87,BLANK
88,BLANK
89,BLANK
90,BLANK
91,BLANK
92,BLANK
93,BLANK
94,BLANK
95,BLANK
96,BLANK
97,BLANK
98,BLANK
99,BLANK
100,BLANK
101,BLANK
102,BLANK
103,BLANK
104,BLANK
105,BLANK
106,BLANK
107,BLANK
108,BLANK
109,BLANK
110,BLANK
111,BLANK
112,BLANK
113,BLANK
114,BLANK
115,BLANK
116,BLANK
117,BLANK
118,BLANK
119,BLANK
120,BLANK
121,BLANK
122,BLANK
123,BLANK
124,BLANK
125,BLANK
126,BLANK
127,BLANK
128,BLANK
129,BLANK
130,BLANK
131,BLANK
132,BLANK
133,BLANK
134,BLANK
135,BLANK
136,BLANK
137,BLANK
138,BLANK
139,BLANK
140,BLANK
141,BLANK
142,BLANK
143,BLANK
144,BLANK
145,BLANK
146,BLANK
147,BLANK
148,BLANK
149,BLANK
150,BLANK
151,BLANK
152,BLANK
153,BLANK
154,BLANK
155,BLANK
156,BLANK
157,BLANK
158,BLANK
159,BLANK
160,BLANK
161,BLANK
162,BLANK
163,BLANK
164,BLANK
165,BLANK
166,BLANK
167,BLANK
168,BLANK
169,BLANK
170,BLANK
171,BLANK
172,BLANK
173,BLANK
174,BLANK
175,BLANK
176,BLANK
177,BLANK
178,BLANK
179,BLANK
180,BLANK
181,BLANK
182,BLANK
183,BLANK
184,BLANK
185,BLANK
186,BLANK
187,BLANK
188,BLANK
189,BLANK
190,BLANK
191,BLANK
192,BLANK
193,BLANK
194,BLANK
195,BLANK
196,BLANK
197,BLANK
198,BLANK
199,BLANK
200,ACT
201,ACT
202,ACT
203,ACT
204,ACT
205,ACT
206,ACT
207,ACT
208,ACT
209,ACT
210,ACT
211,ACT
212,ACT
213,ACT
214,ACT
215,ACT
216,ACT
217,ACT
218,ACT
219,ACT
220,ACT
221,ACT
222,ACT
223,ACT
224,ACT
225,ACT
226,ACT
227,ACT
228,ACT
229,ACT
230,ACT
231,ACT
232,ACT
233,ACT
234,ACT
235,ACT
236,ACT
237,ACT
238,ACT
239,ACT
240,ACT
241,ACT
242,ACT
243,ACT
244,ACT
245,ACT
246,ACT
247,ACT
248,ACT
249,ACT
250,ACT
251,ACT
252,ACT
253,ACT
254,ACT
255,ACT
256,ACT
257,ACT
258,ACT
259,ACT
260,ACT
261,ACT
262,ACT
263,ACT
264,ACT
265,ACT
266,ACT
267,ACT
268,ACT
269,ACT
270,ACT
271,ACT
272,ACT
273,ACT
274,ACT
275,ACT
276,ACT
277,ACT
278,ACT
279,ACT
280,ACT
281,ACT
282,ACT
283,ACT
284,ACT
285,ACT
286,ACT
287,ACT
288,ACT
289,ACT
290,ACT
291,ACT
292,ACT
293,ACT
294,ACT
295,ACT
296,ACT
297,ACT
298,ACT
299,ACT
300,BLANK
301,BLANK
302,BLANK
303,BLANK
304,BLANK
305,BLANK
306,BLANK
307,BLANK
308,BLANK
309,BLANK
310,BLANK
311,BLANK
312,BLANK
313,BLANK
314,BLANK
315,BLANK
316,BLANK
317,BLANK
318,BLANK
319,BLANK
320,BLANK
321,BLANK
322,BLANK
323,BLANK
324,BLANK
325,BLANK
326,BLANK
327,BLANK
328,BLANK
329,BLANK
330,BLANK
331,BLANK
332,BLANK
333,BLANK
334,BLANK
335,BLANK
336,BLANK
337,BLANK
338,BLANK
339,BLANK
340,BLANK
341,BLANK
342,BLANK
343,BLANK
344,BLANK
345,BLANK
346,BLANK
347,BLANK
348,BLANK
349,BLANK
350,BLANK
351,BLANK
352,BLANK
353,BLANK
354,BLANK
355,BLANK
356,BLANK
357,BLANK
358,BLANK
359,BLANK
360,BLANK
361,BLANK
362,BLANK
363,BLANK
364,BLANK
365,BLANK
366,BLANK
367,BLANK
368,BLANK
369,BLANK
370,BLANK
371,BLANK
372,BLANK
373,BLANK
374,BLANK
375,BLANK
376,BLANK
377,BLANK
378,BLANK
379,BLANK
380,BLANK
381,BLANK
382,BLANK
383,BLANK
384,BLANK
385,BLANK
386,BLANK
387,BLANK
388,BLANK
389,BLANK
390,BLANK
391,BLANK
392,BLANK
393,BLANK
394,BLANK
395,BLANK
396,BLANK
397,BLANK
398,BLANK
399,BLANK
400,BLANK
401,BLANK
402,BLANK
403,BLANK
404,BLANK
405,BLANK
406,BLANK
407,BLANK
408,BLANK
409,BLANK
410,BLANK
411,BLANK
412,BLANK
413,BLANK
414,BLANK
415,BLANK
416,BLANK
417,BLANK
418,BLANK
419,BLANK
420,BLANK
421,BLANK
422,BLANK
423,BLANK
424,BLANK
425,BLANK
426,BLANK
427,BLANK
428,BLANK
429,BLANK
430,BLANK
431,BLANK
432,BLANK
433,BLANK
434,BLANK
435,BLANK
436,BLANK
437,BLANK
438,BLANK
439,BLANK
440,BLANK
441,BLANK
442,BLANK
443,BLANK
444,BLANK
445,BLANK
446,BLANK
447,BLANK
448,BLANK
449,BLANK
450,BLANK
451,BLANK
452,BLANK
453,BLANK
454,BLANK
455,BLANK
456,BLANK
457,BLANK
458,BLANK
459,BLANK
460,BLANK
461,BLANK
462,BLANK
463,BLANK
464,BLANK
465,BLANK
466,BLANK
467,BLANK
468,BLANK
469,BLANK
470,BLANK
471,BLANK
472,BLANK
473,BLANK
474,BLANK
475,BLANK
476,BLANK
477,BLANK
478,BLANK
479,BLANK
480,BLANK
481,BLANK
482,BLANK
483,BLANK
484,BLANK
485,BLANK
486,BLANK
487,BLANK
488,BLANK
489,BLANK
490,BLANK
491,BLANK
492,BLANK
493,BLANK
494,BLANK
495,BLANK
496,BLANK
497,BLANK
498,BLANK
499,BLANK
500,BLANK
501,BLANK
502,BLANK
503,BLANK
504,BLANK
505,BLANK
506,BLANK
507,BLANK
508,BLANK
509,BLANK
510,BLANK
511,BLANK
512,BLANK
513,BLANK
514,BLANK
515,BLANK
516,BLANK
517,BLANK
518,BLANK
519,BLANK
520,BLANK
521,BLANK
522,BLANK
523,BLANK
524,BLANK
525,BLANK
526,BLANK
527,BLANK
528,BLANK
529,BLANK
530,BLANK
531,BLANK
532,BLANK
533,BLANK
534,BLANK
535,BLANK
536,BLANK
537,BLANK
538,BLANK
539,BLANK
540,BLANK
541,BLANK
542,BLANK
543,BLANK
544,BLANK
545,BLANK
546,BLANK
547,BLANK
548,BLANK
549,BLANK
550,BLANK
551,BLANK
552,BLANK
553,BLANK
554,BLANK
555,BLANK
556,BLANK
557,BLANK
558,BLANK
559,BLANK
560,BLANK
561,BLANK
562,BLANK
563,BLANK
564,BLANK
565,BLANK
566,BLANK
567,BLANK
568,BLANK
569,BLANK
570,BLANK
571,BLANK
572,BLANK
573,BLANK
574,BLANK
575,BLANK
576,BLANK
577,BLANK
578,BLANK
579,BLANK
580,BLANK
581,BLANK
582,BLANK
583,BLANK
584,BLANK
585,BLANK
586,BLANK
587,BLANK
588,BLANK
589,BLANK
590,BLANK
591,BLANK
592,BLANK
593,BLANK
594,BLANK
595,BLANK
596,BLANK
597,BLANK
598,BLANK
599,BLANK
600,BLANK
601,BLANK
602,BLANK
603,BLANK
604,BLANK
605,BLANK
606,BLANK
607,BLANK
608,BLANK
609,BLANK
610,BLANK
611,BLANK
612,BLANK
613,BLANK
614,BLANK
615,BLANK
616,BLANK
617,BLANK
618,BLANK
619,BLANK
620,BLANK
621,BLANK
622,BLANK
623,BLANK
624,BLANK
625,BLANK
626,BLANK
627,BLANK
628,BLANK
629,BLANK
630,BLANK
631,BLANK
632,BLANK
633,BLANK
634,BLANK
635,BLANK
636,BLANK
637,BLANK
638,BLANK
639,BLANK
640,BLANK
641,BLANK
642,BLANK
643,BLANK
644,BLANK
645,BLANK
646,BLANK
647,BLANK
648,BLANK
649,BLANK
650,BLANK
651,BLANK
652,BLANK
653,BLANK
654,BLANK
655,BLANK
656,BLANK
657,BLANK
658,BLANK
659,BLANK
660,BLANK
661,BLANK
662,BLANK
663,BLANK
664,BLANK
665,BLANK
666,BLANK
667,BLANK
668,BLANK
669,BLANK
670,BLANK
671,BLANK
672,BLANK
673,BLANK
674,BLANK
675,BLANK
676,BLANK
677,BLANK
678,BLANK
679,BLANK
680,BLANK
681,BLANK
682,BLANK
683,BLANK
684,BLANK
685,BLANK
686,BLANK
687,BLANK
688,BLANK
689,BLANK
690,BLANK
691,BLANK
692,BLANK
693,BLANK
694,BLANK
695,BLANK
696,BLANK
697,BLANK
698,BLANK
699,BLANK
700,BLANK
701,BLANK
702,BLANK
703,BLANK
704,BLANK
705,BLANK
706,BLANK
707,BLANK
708,BLANK
709,BLANK
710,BLANK
711,BLANK
712,BLANK
713,BLANK
714,BLANK
715,BLANK
716,BLANK
717,BLANK
718,BLANK
719,BLANK
720,BLANK
721,BLANK
722,BLANK
723,BLANK
724,BLANK
725,BLANK
726,BLANK
727,BLANK
728,BLANK
729,BLANK
730,BLANK
731,BLANK
732,BLANK
733,BLANK
734,BLANK
735,BLANK
736,BLANK
737,BLANK
738,BLANK
739,BLANK
740,BLANK
741,BLANK
742,BLANK
743,BLANK
744,BLANK
745,BLANK
746,BLANK
747,BLANK
748,BLANK
749,BLANK
750,BLANK
751,BLANK
752,BLANK
753,BLANK
754,BLANK
755,BLANK
756,BLANK
757,BLANK
758,BLANK
759,BLANK
760,BLANK
761,BLANK
762,BLANK
763,BLANK
764,BLANK
765,BLANK
766,BLANK
767,BLANK
768,BLANK
769,BLANK
770,BLANK
771,BLANK
772,BLANK
773,BLANK
774,BLANK
775,BLANK
776,BLANK
777,BLANK
778,BLANK
779,BLANK
780,BLANK
781,BLANK
782,BLANK
783,BLANK
784,BLANK
785,BLANK
786,BLANK
787,BLANK
788,BLANK
789,BLANK
790,BLANK
791,BLANK
792,BLANK
793,BLANK
794,BLANK
795,BLANK
796,BLANK
797,BLANK
798,BLANK
799,BLANK
800,NT
801,NT
802,NT
803,NT
804,NT
805,NT
806,NT
807,NT
808,NT
809,NT
810,NT
811,NT
812,NT
813,NT
814,NT
815,NT
816,NT
817,NT
818,NT
819,NT
820,NT
821,NT
822,NT
823,NT
824,NT
825,NT
826,NT
827,NT
828,NT
829,NT
830,NT
831,NT
832,NT
833,NT
834,NT
835,NT
836,NT
837,NT
838,NT
839,NT
840,NT
841,NT
842,NT
843,NT
844,NT
845,NT
846,NT
847,NT
848,NT
849,NT
850,NT
851,NT
852,NT
853,NT
854,NT
855,NT
856,NT
857,NT
858,NT
859,NT
860,NT
861,NT
862,NT
863,NT
864,NT
865,NT
866,NT
867,NT
868,NT
869,NT
870,NT
871,NT
872,NT
873,NT
874,NT
875,NT
876,NT
877,NT
878,NT
879,NT
880,NT
881,NT
882,NT
883,NT
884,NT
885,NT
886,NT
887,NT
888,NT
889,NT
890,NT
891,NT
892,NT
893,NT
894,NT
895,NT
896,NT
897,NT
898,NT
899,NT
900,NT
901,NT
902,NT
903,NT
904,NT
905,NT
906,NT
907,NT
908,NT
909,NT
910,NT
911,NT
912,NT
913,NT
914,NT
915,NT
916,NT
917,NT
918,NT
919,NT
920,NT
921,NT
922,NT
923,NT
924,NT
925,NT
926,NT
927,NT
928,NT
929,NT
930,NT
931,NT
932,NT
933,NT
934,NT
935,NT
936,NT
937,NT
938,NT
939,NT
940,NT
941,NT
942,NT
943,NT
944,NT
945,NT
946,NT
947,NT
948,NT
949,NT
950,NT
951,NT
952,NT
953,NT
954,NT
955,NT
956,NT
957,NT
958,NT
959,NT
960,NT
961,NT
962,NT
963,NT
964,NT
965,NT
966,NT
967,NT
968,NT
969,NT
970,NT
971,NT
972,NT
973,NT
974,NT
975,NT
976,NT
977,NT
978,NT
979,NT
980,NT
981,NT
982,NT
983,NT
984,NT
985,NT
986,NT
987,NT
988,NT
989,NT
990,NT
991,NT
992,NT
993,NT
994,NT
995,NT
996,NT
997,NT
998,NT
999,NT
1000,NSW
1001,NSW
1002,NSW
1003,NSW
1004,NSW
1005,NSW
1006,NSW
1007,NSW
1008,NSW
1009,NSW
1010,NSW
1011,NSW
1012,NSW
1013,NSW
1014,NSW
1015,NSW
1016,NSW
1017,NSW
1018,NSW
1019,NSW
1020,NSW
1021,NSW
1022,NSW
1023,NSW
1024,NSW
1025,NSW
1026,NSW
1027,NSW
1028,NSW
1029,NSW
1030,NSW
1031,NSW
1032,NSW
1033,NSW
1034,NSW
1035,NSW
1036,NSW
1037,NSW
1038,NSW
1039,NSW
1040,NSW
1041,NSW
1042,NSW
1043,NSW
1044,NSW
1045,NSW
1046,NSW
1047,NSW
1048,NSW
1049,NSW
1050,NSW
1051,NSW
1052,NSW
1053,NSW
1054,NSW
1055,NSW
1056,NSW
1057,NSW
1058,NSW
1059,NSW
1060,NSW
1061,NSW
1062,NSW
1063,NSW
1064,NSW
1065,NSW
1066,NSW
1067,NSW
1068,NSW
1069,NSW
1070,NSW
1071,NSW
1072,NSW
1073,NSW
1074,NSW
1075,NSW
1076,NSW
1077,NSW
1078,NSW
1079,NSW
1080,NSW
1081,NSW
1082,NSW
1083,NSW
1084,NSW
1085,NSW
1086,NSW
1087,NSW
1088,NSW
1089,NSW
1090,NSW
1091,NSW
1092,NSW
1093,NSW
1094,NSW
1095,NSW
1096,NSW
1097,NSW
1098,NSW
1099,NSW
1100,NSW
1101,NSW
1102,NSW
1103,NSW
1104,NSW
1105,NSW
1106,NSW
1107,NSW
1108,NSW
1109,NSW
1110,NSW
1111,NSW
1112,NSW
1113,NSW
1114,NSW
1115,NSW
1116,NSW
1117,NSW
1118,NSW
1119,NSW
1120,NSW
1121,NSW
1122,NSW
1123,NSW
1124,NSW
1125,NSW
1126,NSW
1127,NSW
1128,NSW
1129,NSW
1130,NSW
1131,NSW
1132,NSW
1133,NSW
1134,NSW
1135,NSW
1136,NSW
1137,NSW
1138,NSW
1139,NSW
1140,NSW
1141,NSW
1142,NSW
1143,NSW
1144,NSW
1145,NSW
1146,NSW
1147,NSW
1148,NSW
1149,NSW
1150,NSW
1151,NSW
1152,NSW
1153,NSW
1154,NSW
1155,NSW
1156,NSW
1157,NSW
1158,NSW
1159,NSW
1160,NSW
1161,NSW
1162,NSW
1163,NSW
1164,NSW
1165,NSW
1166,NSW
1167,NSW
1168,NSW
1169,NSW
1170,NSW
1171,NSW
1172,NSW
1173,NSW
1174,NSW
1175,NSW
1176,NSW
1177,NSW
1178,NSW
1179,NSW
1180,NSW
1181,NSW
1182,NSW
1183,NSW
1184,NSW
1185,NSW
1186,NSW
1187,NSW
1188,NSW
1189,NSW
1190,NSW
1191,NSW
1192,NSW
1193,NSW
1194,NSW
1195,NSW
1196,NSW
1197,NSW
1198,NSW
1199,NSW
1200,NSW
1201,NSW
1202,NSW
1203,NSW
1204,NSW
1205,NSW
1206,NSW
1207,NSW
1208,NSW
1209,NSW
1210,NSW
1211,NSW
1212,NSW
1213,NSW
1214,NSW
1215,NSW
1216,NSW
1217,NSW
1218,NSW
1219,NSW
1220,NSW
1221,NSW
1222,NSW
1223,NSW
1224,NSW
1225,NSW
1226,NSW
1227,NSW
1228,NSW
1229,NSW
1230,NSW
1231,NSW
1232,NSW
1233,NSW
1234,NSW
1235,NSW
1236,NSW
1237,NSW
1238,NSW
1239,NSW
1240,NSW
1241,NSW
1242,NSW
1243,NSW
1244,NSW
1245,NSW
1246,NSW
1247,NSW
1248,NSW
1249,NSW
1250,NSW
1251,NSW
1252,NSW
1253,NSW
1254,NSW
1255,NSW
1256,NSW
1257,NSW
1258,NSW
1259,NSW
1260,NSW
1261,NSW
1262,NSW
1263,NSW
1264,NSW
1265,NSW
1266,NSW
1267,NSW
1268,NSW
1269,NSW
1270,NSW
1271,NSW
1272,NSW
1273,NSW
1274,NSW
1275,NSW
1276,NSW
1277,NSW
1278,NSW
1279,NSW
1280,NSW
1281,NSW
1282,NSW
1283,NSW
1284,NSW
1285,NSW
1286,NSW
1287,NSW
1288,NSW
1289,NSW
1290,NSW
1291,NSW
1292,NSW
1293,NSW
1294,NSW
1295,NSW
1296,NSW
1297,NSW
1298,NSW
1299,NSW
1300,NSW
1301,NSW
1302,NSW
1303,NSW
1304,NSW
1305,NSW
1306,NSW
1307,NSW
1308,NSW
1309,NSW
1310,NSW
1311,NSW
1312,NSW
1313,NSW
1314,NSW
1315,NSW
1316,NSW
1317,NSW
1318,NSW
1319,NSW
1320,NSW
1321,NSW
1322,NSW
1323,NSW
1324,NSW
1325,NSW
1326,NSW
1327,NSW
1328,NSW
1329,NSW
1330,NSW
1331,NSW
1332,NSW
1333,NSW
1334,NSW
1335,NSW
1336,NSW
1337,NSW
1338,NSW
1339,NSW
1340,NSW
1341,NSW
1342,NSW
1343,NSW
1344,NSW
1345,NSW
1346,NSW
1347,NSW
1348,NSW
1349,NSW
1350,NSW
1351,NSW
1352,NSW
1353,NSW
1354,NSW
1355,NSW
1356,NSW
1357,NSW
1358,NSW
1359,NSW
1360,NSW
1361,NSW
1362,NSW
1363,NSW
1364,NSW
1365,NSW
1366,NSW
1367,NSW
1368,NSW
1369,NSW
1370,NSW
1371,NSW
1372,NSW
1373,NSW
1374,NSW
1375,NSW
1376,NSW
1377,NSW
1378,NSW
1379,NSW
1380,NSW
1381,NSW
1382,NSW
1383,NSW
1384,NSW
1385,NSW
1386,NSW
1387,NSW
1388,NSW
1389,NSW
1390,NSW
1391,NSW
1392,NSW
1393,NSW
1394,NSW
1395,NSW
1396,NSW
1397,NSW
1398,NSW
1399,NSW
1400,NSW
1401,NSW
1402,NSW
1403,NSW
1404,NSW
1405,NSW
1406,NSW
1407,NSW
1408,NSW
1409,NSW
1410,NSW
1411,NSW
1412,NSW
1413,NSW
1414,NSW
1415,NSW
1416,NSW
1417,NSW
1418,NSW
1419,NSW
1420,NSW
1421,NSW
1422,NSW
1423,NSW
1424,NSW
1425,NSW
1426,NSW
1427,NSW
1428,NSW
1429,NSW
1430,NSW
1431,NSW
1432,NSW
1433,NSW
1434,NSW
1435,NSW
1436,NSW
1437,NSW
1438,NSW
1439,NSW
1440,NSW
1441,NSW
1442,NSW
1443,NSW
1444,NSW
1445,NSW
1446,NSW
1447,NSW
1448,NSW
1449,NSW
1450,NSW
1451,NSW
1452,NSW
1453,NSW
1454,NSW
1455,NSW
1456,NSW
1457,NSW
1458,NSW
1459,NSW
1460,NSW
1461,NSW
1462,NSW
1463,NSW
1464,NSW
1465,NSW
1466,NSW
1467,NSW
1468,NSW
1469,NSW
1470,NSW
1471,NSW
1472,NSW
1473,NSW
1474,NSW
1475,NSW
1476,NSW
1477,NSW
1478,NSW
1479,NSW
1480,NSW
1481,NSW
1482,NSW
1483,NSW
1484,NSW
1485,NSW
1486,NSW
1487,NSW
1488,NSW
1489,NSW
1490,NSW
1491,NSW
1492,NSW
1493,NSW
1494,NSW
1495,NSW
1496,NSW
1497,NSW
1498,NSW
1499,NSW
1500,NSW
1501,NSW
1502,NSW
1503,NSW
1504,NSW
1505,NSW
1506,NSW
1507,NSW
1508,NSW
1509,NSW
1510,NSW
1511,NSW
1512,NSW
1513,NSW
1514,NSW
1515,NSW
1516,NSW
1517,NSW
1518,NSW
1519,NSW
1520,NSW
1521,NSW
1522,NSW
1523,NSW
1524,NSW
1525,NSW
1526,NSW
1527,NSW
1528,NSW
1529,NSW
1530,NSW
1531,NSW
1532,NSW
1533,NSW
1534,NSW
1535,NSW
1536,NSW
1537,NSW
1538,NSW
1539,NSW
1540,NSW
1541,NSW
1542,NSW
1543,NSW
1544,NSW
1545,NSW
1546,NSW
1547,NSW
1548,NSW
1549,NSW
1550,NSW
1551,NSW
1552,NSW
1553,NSW
1554,NSW
1555,NSW
1556,NSW
1557,NSW
1558,NSW
1559,NSW
1560,NSW
1561,NSW
1562,NSW
1563,NSW
1564,NSW
1565,NSW
1566,NSW
1567,NSW
1568,NSW
1569,NSW
1570,NSW
1571,NSW
1572,NSW
1573,NSW
1574,NSW
1575,NSW
1576,NSW
1577,NSW
1578,NSW
1579,NSW
1580,NSW
1581,NSW
1582,NSW
1583,NSW
1584,NSW
1585,NSW
1586,NSW
1587,NSW
1588,NSW
1589,NSW
1590,NSW
1591,NSW
1592,NSW
1593,NSW
1594,NSW
1595,NSW
1596,NSW
1597,NSW
1598,NSW
1599,NSW
1600,NSW
1601,NSW
1602,NSW
1603,NSW
1604,NSW
1605,NSW
1606,NSW
1607,NSW
1608,NSW
1609,NSW
1610,NSW
1611,NSW
1612,NSW
1613,NSW
1614,NSW
1615,NSW
1616,NSW
1617,NSW
1618,NSW
1619,NSW
1620,NSW
1621,NSW
1622,NSW
1623,NSW
1624,NSW
1625,NSW
1626,NSW
1627,NSW
1628,NSW
1629,NSW
1630,NSW
1631,NSW
1632,NSW
1633,NSW
1634,NSW
1635,NSW
1636,NSW
1637,NSW
1638,NSW
1639,NSW
1640,NSW
1641,NSW
1642,NSW
1643,NSW
1644,NSW
1645,NSW
1646,NSW
1647,NSW
1648,NSW
1649,NSW
1650,NSW
1651,NSW
1652,NSW
1653,NSW
1654,NSW
1655,NSW
1656,NSW
1657,NSW
1658,NSW
1659,NSW
1660,NSW
1661,NSW
1662,NSW
1663,NSW
1664,NSW
1665,NSW
1666,NSW
1667,NSW
1668,NSW
1669,NSW
1670,NSW
1671,NSW
1672,NSW
1673,NSW
1674,NSW
1675,NSW
1676,NSW
1677,NSW
1678,NSW
1679,NSW
1680,NSW
1681,NSW
1682,NSW
1683,NSW
1684,NSW
1685,NSW
1686,NSW
1687,NSW
1688,NSW
1689,NSW
1690,NSW
1691,NSW
1692,NSW
1693,NSW
1694,NSW
1695,NSW
1696,NSW
1697,NSW
1698,NSW
1699,NSW
1700,NSW
1701,NSW
1702,NSW
1703,NSW
1704,NSW
1705,NSW
1706,NSW
1707,NSW
1708,NSW
1709,NSW
1710,NSW
1711,NSW
1712,NSW
1713,NSW
1714,NSW
1715,NSW
1716,NSW
1717,NSW
1718,NSW
1719,NSW
1720,NSW
1721,NSW
1722,NSW
1723,NSW
1724,NSW
1725,NSW
1726,NSW
1727,NSW
1728,NSW
1729,NSW
1730,NSW
1731,NSW
1732,NSW
1733,NSW
1734,NSW
1735,NSW
1736,NSW
1737,NSW
1738,NSW
1739,NSW
1740,NSW
1741,NSW
1742,NSW
1743,NSW
1744,NSW
1745,NSW
1746,NSW
1747,NSW
1748,NSW
1749,NSW
1750,NSW
1751,NSW
1752,NSW
1753,NSW
1754,NSW
1755,NSW
1756,NSW
1757,NSW
1758,NSW
1759,NSW
1760,NSW
1761,NSW
1762,NSW
1763,NSW
1764,NSW
1765,NSW
1766,NSW
1767,NSW
1768,NSW
1769,NSW
1770,NSW
1771,NSW
1772,NSW
1773,NSW
1774,NSW
1775,NSW
1776,NSW
1777,NSW
1778,NSW
1779,NSW
1780,NSW
1781,NSW
1782,NSW
1783,NSW
1784,NSW
1785,NSW
1786,NSW
1787,NSW
1788,NSW
1789,NSW
1790,NSW
1791,NSW
1792,NSW
1793,NSW
1794,NSW
1795,NSW
1796,NSW
1797,NSW
1798,NSW
1799,NSW
1800,NSW
1801,NSW
1802,NSW
1803,NSW
1804,NSW
1805,NSW
1806,NSW
1807,NSW
1808,NSW
1809,NSW
1810,NSW
1811,NSW
1812,NSW
1813,NSW
1814,NSW
1815,NSW
1816,NSW
1817,NSW
1818,NSW
1819,NSW
1820,NSW
1821,NSW
1822,NSW
1823,NSW
1824,NSW
1825,NSW
1826,NSW
1827,NSW
1828,NSW
1829,NSW
1830,NSW
1831,NSW
1832,NSW
1833,NSW
1834,NSW
1835,NSW
1836,NSW
1837,NSW
1838,NSW
1839,NSW
1840,NSW
1841,NSW
1842,NSW
1843,NSW
1844,NSW
1845,NSW
1846,NSW
1847,NSW
1848,NSW
1849,NSW
1850,NSW
1851,NSW
1852,NSW
1853,NSW
1854,NSW
1855,NSW
1856,NSW
1857,NSW
1858,NSW
1859,NSW
1860,NSW
1861,NSW
1862,NSW
1863,NSW
1864,NSW
1865,NSW
1866,NSW
1867,NSW
1868,NSW
1869,NSW
1870,NSW
1871,NSW
1872,NSW
1873,NSW
1874,NSW
1875,NSW
1876,NSW
1877,NSW
1878,NSW
1879,NSW
1880,NSW
1881,NSW
1882,NSW
1883,NSW
1884,NSW
1885,NSW
1886,NSW
1887,NSW
1888,NSW
1889,NSW
1890,NSW
1891,NSW
1892,NSW
1893,NSW
1894,NSW
1895,NSW
1896,NSW
1897,NSW
1898,NSW
1899,NSW
1900,NSW
1901,NSW
1902,NSW
1903,NSW
1904,NSW
1905,NSW
1906,NSW
1907,NSW
1908,NSW
1909,NSW
1910,NSW
1911,NSW
1912,NSW
1913,NSW
1914,NSW
1915,NSW
1916,NSW
1917,NSW
1918,NSW
1919,NSW
1920,NSW
1921,NSW
1922,NSW
1923,NSW
1924,NSW
1925,NSW
1926,NSW
1927,NSW
1928,NSW
1929,NSW
1930,NSW
1931,NSW
1932,NSW
1933,NSW
1934,NSW
1935,NSW
1936,NSW
1937,NSW
1938,NSW
1939,NSW
1940,NSW
1941,NSW
1942,NSW
1943,NSW
1944,NSW
1945,NSW
1946,NSW
1947,NSW
1948,NSW
1949,NSW
1950,NSW
1951,NSW
1952,NSW
1953,NSW
1954,NSW
1955,NSW
1956,NSW
1957,NSW
1958,NSW
1959,NSW
1960,NSW
1961,NSW
1962,NSW
1963,NSW
1964,NSW
1965,NSW
1966,NSW
1967,NSW
1968,NSW
1969,NSW
1970,NSW
1971,NSW
1972,NSW
1973,NSW
1974,NSW
1975,NSW
1976,NSW
1977,NSW
1978,NSW
1979,NSW
1980,NSW
1981,NSW
1982,NSW
1983,NSW
1984,NSW
1985,NSW
1986,NSW
1987,NSW
1988,NSW
1989,NSW
1990,NSW
1991,NSW
1992,NSW
1993,NSW
1994,NSW
1995,NSW
1996,NSW
1997,NSW
1998,NSW
1999,NSW
2000,NSW
2001,NSW
2002,NSW
2003,NSW
2004,NSW
2005,NSW
2006,NSW
2007,NSW
2008,NSW
2009,NSW
2010,NSW
2011,NSW
2012,NSW
2013,NSW
2014,NSW
2015,NSW
2016,NSW
2017,NSW
2018,NSW
2019,NSW
2020,NSW
2021,NSW
2022,NSW
2023,NSW
2024,NSW
2025,NSW
2026,NSW
2027,NSW
2028,NSW
2029,NSW
2030,NSW
2031,NSW
2032,NSW
2033,NSW
2034,NSW
2035,NSW
2036,NSW
2037,NSW
2038,NSW
2039,NSW
2040,NSW
2041,NSW
2042,NSW
2043,NSW
2044,NSW
2045,NSW
2046,NSW
2047,NSW
2048,NSW
2049,NSW
2050,NSW
2051,NSW
2052,NSW
2053,NSW
2054,NSW
2055,NSW
2056,NSW
2057,NSW
2058,NSW
2059,NSW
2060,NSW
2061,NSW
2062,NSW
2063,NSW
2064,NSW
2065,NSW
2066,NSW
2067,NSW
2068,NSW
2069,NSW
2070,NSW
2071,NSW
2072,NSW
2073,NSW
2074,NSW
2075,NSW
2076,NSW
2077,NSW
2078,NSW
2079,NSW
2080,NSW
2081,NSW
2082,NSW
2083,NSW
2084,NSW
2085,NSW
2086,NSW
2087,NSW
2088,NSW
2089,NSW
2090,NSW
2091,NSW
2092,NSW
2093,NSW
2094,NSW
2095,NSW
2096,NSW
2097,NSW
2098,NSW
2099,NSW
2100,NSW
2101,NSW
2102,NSW
2103,NSW
2104,NSW
2105,NSW
2106,NSW
2107,NSW
2108,NSW
2109,NSW
2110,NSW
2111,NSW
2112,NSW
2113,NSW
2114,NSW
2115,NSW
2116,NSW
2117,NSW
2118,NSW
2119,NSW
2120,NSW
2121,NSW
2122,NSW
2123,NSW
2124,NSW
2125,NSW
2126,NSW
2127,NSW
2128,NSW
2129,NSW
2130,NSW
2131,NSW
2132,NSW
2133,NSW
2134,NSW
2135,NSW
2136,NSW
2137,NSW
2138,NSW
2139,NSW
2140,NSW
2141,NSW
2142,NSW
2143,NSW
2144,NSW
2145,NSW
2146,NSW
2147,NSW
2148,NSW
2149,NSW
2150,NSW
2151,NSW
2152,NSW
2153,NSW
2154,NSW
2155,NSW
2156,NSW
2157,NSW
2158,NSW
2159,NSW
2160,NSW
2161,NSW
2162,NSW
2163,NSW
2164,NSW
2165,NSW
2166,NSW
2167,NSW
2168,NSW
2169,NSW
2170,NSW
2171,NSW
2172,NSW
2173,NSW
2174,NSW
2175,NSW
2176,NSW
2177,NSW
2178,NSW
2179,NSW
2180,NSW
2181,NSW
2182,NSW
2183,NSW
2184,NSW
2185,NSW
2186,NSW
2187,NSW
2188,NSW
2189,NSW
2190,NSW
2191,NSW
2192,NSW
2193,NSW
2194,NSW
2195,NSW
2196,NSW
2197,NSW
2198,NSW
2199,NSW
2200,NSW
2201,NSW
2202,NSW
2203,NSW
2204,NSW
2205,NSW
2206,NSW
2207,NSW
2208,NSW
2209,NSW
2210,NSW
2211,NSW
2212,NSW
2213,NSW
2214,NSW
2215,NSW
2216,NSW
2217,NSW
2218,NSW
2219,NSW
2220,NSW
2221,NSW
2222,NSW
2223,NSW
2224,NSW
2225,NSW
2226,NSW
2227,NSW
2228,NSW
2229,NSW
2230,NSW
2231,NSW
2232,NSW
2233,NSW
2234,NSW
2235,NSW
2236,NSW
2237,NSW
2238,NSW
2239,NSW
2240,NSW
2241,NSW
2242,NSW
2243,NSW
2244,NSW
2245,NSW
2246,NSW
2247,NSW
2248,NSW
2249,NSW
2250,NSW
2251,NSW
2252,NSW
2253,NSW
2254,NSW
2255,NSW
2256,NSW
2257,NSW
2258,NSW
2259,NSW
2260,NSW
2261,NSW
2262,NSW
2263,NSW
2264,NSW
2265,NSW
2266,NSW
2267,NSW
2268,NSW
2269,NSW
2270,NSW
2271,NSW
2272,NSW
2273,NSW
2274,NSW
2275,NSW
2276,NSW
2277,NSW
2278,NSW
2279,NSW
2280,NSW
2281,NSW
2282,NSW
2283,NSW
2284,NSW
2285,NSW
2286,NSW
2287,NSW
2288,NSW
2289,NSW
2290,NSW
2291,NSW
2292,NSW
2293,NSW
2294,NSW
2295,NSW
2296,NSW
2297,NSW
2298,NSW
2299,NSW
2300,NSW
2301,NSW
2302,NSW
2303,NSW
2304,NSW
2305,NSW
2306,NSW
2307,NSW
2308,NSW
2309,NSW
2310,NSW
2311,NSW
2312,NSW
2313,NSW
2314,NSW
2315,NSW
2316,NSW
2317,NSW
2318,NSW
2319,NSW
2320,NSW
2321,NSW
2322,NSW
2323,NSW
2324,NSW
2325,NSW
2326,NSW
2327,NSW
2328,NSW
2329,NSW
2330,NSW
2331,NSW
2332,NSW
2333,NSW
2334,NSW
2335,NSW
2336,NSW
2337,NSW
2338,NSW
2339,NSW
2340,NSW
2341,NSW
2342,NSW
2343,NSW
2344,NSW
2345,NSW
2346,NSW
2347,NSW
2348,NSW
2349,NSW
2350,NSW
2351,NSW
2352,NSW
2353,NSW
2354,NSW
2355,NSW
2356,NSW
2357,NSW
2358,NSW
2359,NSW
2360,NSW
2361,NSW
2362,NSW
2363,NSW
2364,NSW
2365,NSW
2366,NSW
2367,NSW
2368,NSW
2369,NSW
2370,NSW
2371,NSW
2372,NSW
2373,NSW
2374,NSW
2375,NSW
2376,NSW
2377,NSW
2378,NSW
2379,NSW
2380,NSW
2381,NSW
2382,NSW
2383,NSW
2384,NSW
2385,NSW
2386,NSW
2387,NSW
2388,NSW
2389,NSW
2390,NSW
2391,NSW
2392,NSW
2393,NSW
2394,NSW
2395,NSW
2396,NSW
2397,NSW
2398,NSW
2399,NSW
2400,NSW
2401,NSW
2402,NSW
2403,NSW
2404,NSW
2405,NSW
2406,NSW
2407,NSW
2408,NSW
2409,NSW
2410,NSW
2411,NSW
2412,NSW
2413,NSW
2414,NSW
2415,NSW
2416,NSW
2417,NSW
2418,NSW
2419,NSW
2420,NSW
2421,NSW
2422,NSW
2423,NSW
2424,NSW
2425,NSW
2426,NSW
2427,NSW
2428,NSW
2429,NSW
2430,NSW
2431,NSW
2432,NSW
2433,NSW
2434,NSW
2435,NSW
2436,NSW
2437,NSW
2438,NSW
2439,NSW
2440,NSW
2441,NSW
2442,NSW
2443,NSW
2444,NSW
2445,NSW
2446,NSW
2447,NSW
2448,NSW
2449,NSW
2450,NSW
2451,NSW
2452,NSW
2453,NSW
2454,NSW
2455,NSW
2456,NSW
2457,NSW
2458,NSW
2459,NSW
2460,NSW
2461,NSW
2462,NSW
2463,NSW
2464,NSW
2465,NSW
2466,NSW
2467,NSW
2468,NSW
2469,NSW
2470,NSW
2471,NSW
2472,NSW
2473,NSW
2474,NSW
2475,NSW
2476,NSW
2477,NSW
2478,NSW
2479,NSW
2480,NSW
2481,NSW
2482,NSW
2483,NSW
2484,NSW
2485,NSW
2486,NSW
2487,NSW
2488,NSW
2489,NSW
2490,NSW
2491,NSW
2492,NSW
2493,NSW
2494,NSW
2495,NSW
2496,NSW
2497,NSW
2498,NSW
2499,NSW
2500,NSW
2501,NSW
2502,NSW
2503,NSW
2504,NSW
2505,NSW
2506,NSW
2507,NSW
2508,NSW
2509,NSW
2510,NSW
2511,NSW
2512,NSW
2513,NSW
2514,NSW
2515,NSW
2516,NSW
2517,NSW
2518,NSW
2519,NSW
2520,NSW
2521,NSW
2522,NSW
2523,NSW
2524,NSW
2525,NSW
2526,NSW
2527,NSW
2528,NSW
2529,NSW
2530,NSW
2531,NSW
2532,NSW
2533,NSW
2534,NSW
2535,NSW
2536,NSW
2537,NSW
2538,NSW
2539,NSW
2540,NSW
2541,NSW
2542,NSW
2543,NSW
2544,NSW
2545,NSW
2546,NSW
2547,NSW
2548,NSW
2549,NSW
2550,NSW
2551,NSW
2552,NSW
2553,NSW
2554,NSW
2555,NSW
2556,NSW
2557,NSW
2558,NSW
2559,NSW
2560,NSW
2561,NSW
2562,NSW
2563,NSW
2564,NSW
2565,NSW
2566,NSW
2567,NSW
2568,NSW
2569,NSW
2570,NSW
2571,NSW
2572,NSW
2573,NSW
2574,NSW
2575,NSW
2576,NSW
2577,NSW
2578,NSW
2579,NSW
2580,NSW
2581,NSW
2582,NSW
2583,NSW
2584,NSW
2585,NSW
2586,NSW
2587,NSW
2588,NSW
2589,NSW
2590,NSW
2591,NSW
2592,NSW
2593,NSW
2594,NSW
2595,NSW
2596,NSW
2597,NSW
2598,NSW
2599,NSW
2600,ACT
2601,ACT
2602,ACT
2603,ACT
2604,ACT
2605,ACT
2606,ACT
2607,ACT
2608,ACT
2609,ACT
2610,ACT
2611,ACT
2612,ACT
2613,ACT
2614,ACT
2615,ACT
2616,ACT
2617,ACT
2618,ACT
2619,NSW
2620,NSW
2621,NSW
2622,NSW
2623,NSW
2624,NSW
2625,NSW
2626,NSW
2627,NSW
2628,NSW
2629,NSW
2630,NSW
2631,NSW
2632,NSW
2633,NSW
2634,NSW
2635,NSW
2636,NSW
2637,NSW
2638,NSW
2639,NSW
2640,NSW
2641,NSW
2642,NSW
2643,NSW
2644,NSW
2645,NSW
2646,NSW
2647,NSW
2648,NSW
2649,NSW
2650,NSW
2651,NSW
2652,NSW
2653,NSW
2654,NSW
2655,NSW
2656,NSW
2657,NSW
2658,NSW
2659,NSW
2660,NSW
2661,NSW
2662,NSW
2663,NSW
2664,NSW
2665,NSW
2666,NSW
2667,NSW
2668,NSW
2669,NSW
2670,NSW
2671,NSW
2672,NSW
2673,NSW
2674,NSW
2675,NSW
2676,NSW
2677,NSW
2678,NSW
2679,NSW
2680,NSW
2681,NSW
2682,NSW
2683,NSW
2684,NSW
2685,NSW
2686,NSW
2687,NSW
2688,NSW
2689,NSW
2690,NSW
2691,NSW
2692,NSW
2693,NSW
2694,NSW
2695,NSW
2696,NSW
2697,NSW
2698,NSW
2699,NSW
2700,NSW
2701,NSW
2702,NSW
2703,NSW
2704,NSW
2705,NSW
2706,NSW
2707,NSW
2708,NSW
2709,NSW
2710,NSW
2711,NSW
2712,NSW
2713,NSW
2714,NSW
2715,NSW
2716,NSW
2717,NSW
2718,NSW
2719,NSW
2720,NSW
2721,NSW
2722,NSW
2723,NSW
2724,NSW
2725,NSW
2726,NSW
2727,NSW
2728,NSW
2729,NSW
2730,NSW
2731,NSW
2732,NSW
2733,NSW
2734,NSW
2735,NSW
2736,NSW
2737,NSW
2738,NSW
2739,NSW
2740,NSW
2741,NSW
2742,NSW
2743,NSW
2744,NSW
2745,NSW
2746,NSW
2747,NSW
2748,NSW
2749,NSW
2750,NSW
2751,NSW
2752,NSW
2753,NSW
2754,NSW
2755,NSW
2756,NSW
2757,NSW
2758,NSW
2759,NSW
2760,NSW
2761,NSW
2762,NSW
2763,NSW
2764,NSW
2765,NSW
2766,NSW
2767,NSW
2768,NSW
2769,NSW
2770,NSW
2771,NSW
2772,NSW
2773,NSW
2774,NSW
2775,NSW
2776,NSW
2777,NSW
2778,NSW
2779,NSW
2780,NSW
2781,NSW
2782,NSW
2783,NSW
2784,NSW
2785,NSW
2786,NSW
2787,NSW
2788,NSW
2789,NSW
2790,NSW
2791,NSW
2792,NSW
2793,NSW
2794,NSW
2795,NSW
2796,NSW
2797,NSW
2798,NSW
2799,NSW
2800,NSW
2801,NSW
2802,NSW
2803,NSW
2804,NSW
2805,NSW
2806,NSW
2807,NSW
2808,NSW
2809,NSW
2810,NSW
2811,NSW
2812,NSW
2813,NSW
2814,NSW
2815,NSW
2816,NSW
2817,NSW
2818,NSW
2819,NSW
2820,NSW
2821,NSW
2822,NSW
2823,NSW
2824,NSW
2825,NSW
2826,NSW
2827,NSW
2828,NSW
2829,NSW
2830,NSW
2831,NSW
2832,NSW
2833,NSW
2834,NSW
2835,NSW
2836,NSW
2837,NSW
2838,NSW
2839,NSW
2840,NSW
2841,NSW
2842,NSW
2843,NSW
2844,NSW
2845,NSW
2846,NSW
2847,NSW
2848,NSW
2849,NSW
2850,NSW
2851,NSW
2852,NSW
2853,NSW
2854,NSW
2855,NSW
2856,NSW
2857,NSW
2858,NSW
2859,NSW
2860,NSW
2861,NSW
2862,NSW
2863,NSW
2864,NSW
2865,NSW
2866,NSW
2867,NSW
2868,NSW
2869,NSW
2870,NSW
2871,NSW
2872,NSW
2873,NSW
2874,NSW
2875,NSW
2876,NSW
2877,NSW
2878,NSW
2879,NSW
2880,NSW
2881,NSW
2882,NSW
2883,NSW
2884,NSW
2885,NSW
2886,NSW
2887,NSW
2888,NSW
2889,NSW
2890,NSW
2891,NSW
2892,NSW
2893,NSW
2894,NSW
2895,NSW
2896,NSW
2897,NSW
2898,NSW
2899,NSW
2900,ACT
2901,ACT
2902,ACT
2903,ACT
2904,ACT
2905,ACT
2906,ACT
2907,ACT
2908,ACT
2909,ACT
2910,ACT
2911,ACT
2912,ACT
2913,ACT
2914,ACT
2915,ACT
2916,ACT
2917,ACT
2918,ACT
2919,ACT
2920,ACT
2921,NSW
2922,NSW
2923,NSW
2924,NSW
2925,NSW
2926,NSW
2927,NSW
2928,NSW
2929,NSW
2930,NSW
2931,NSW
2932,NSW
2933,NSW
2934,NSW
2935,NSW
2936,NSW
2937,NSW
2938,NSW
2939,NSW
2940,NSW
2941,NSW
2942,NSW
2943,NSW
2944,NSW
2945,NSW
2946,NSW
2947,NSW
2948,NSW
2949,NSW
2950,NSW
2951,NSW
2952,NSW
2953,NSW
2954,NSW
2955,NSW
2956,NSW
2957,NSW
2958,NSW
2959,NSW
2960,NSW
2961,NSW
2962,NSW
2963,NSW
2964,NSW
2965,NSW
2966,NSW
2967,NSW
2968,NSW
2969,NSW
2970,NSW
2971,NSW
2972,NSW
2973,NSW
2974,NSW
2975,NSW
2976,NSW
2977,NSW
2978,NSW
2979,NSW
2980,NSW
2981,NSW
2982,NSW
2983,NSW
2984,NSW
2985,NSW
2986,NSW
2987,NSW
2988,NSW
2989,NSW
2990,NSW
2991,NSW
2992,NSW
2993,NSW
2994,NSW
2995,NSW
2996,NSW
2997,NSW
2998,NSW
2999,NSW
3000,VIC
3001,VIC
3002,VIC
3003,VIC
3004,VIC
3005,VIC
3006,VIC
3007,VIC
3008,VIC
3009,VIC
3010,VIC
3011,VIC
3012,VIC
3013,VIC
3014,VIC
3015,VIC
3016,VIC
3017,VIC
3018,VIC
3019,VIC
3020,VIC
3021,VIC
3022,VIC
3023,VIC
3024,VIC
3025,VIC
3026,VIC
3027,VIC
3028,VIC
3029,VIC
3030,VIC
3031,VIC
3032,VIC
3033,VIC
3034,VIC
3035,VIC
3036,VIC
3037,VIC
3038,VIC
3039,VIC
3040,VIC
3041,VIC
3042,VIC
3043,VIC
3044,VIC
3045,VIC
3046,VIC
3047,VIC
3048,VIC
3049,VIC
3050,VIC
3051,VIC
3052,VIC
3053,VIC
3054,VIC
3055,VIC
3056,VIC
3057,VIC
3058,VIC
3059,VIC
3060,VIC
3061,VIC
3062,VIC
3063,VIC
3064,VIC
3065,VIC
3066,VIC
3067,VIC
3068,VIC
3069,VIC
3070,VIC
3071,VIC
3072,VIC
3073,VIC
3074,VIC
3075,VIC
3076,VIC
3077,VIC
3078,VIC
3079,VIC
3080,VIC
3081,VIC
3082,VIC
3083,VIC
3084,VIC
3085,VIC
3086,VIC
3087,VIC
3088,VIC
3089,VIC
3090,VIC
3091,VIC
3092,VIC
3093,VIC
3094,VIC
3095,VIC
3096,VIC
3097,VIC
3098,VIC
3099,VIC
3100,VIC
3101,VIC
3102,VIC
3103,VIC
3104,VIC
3105,VIC
3106,VIC
3107,VIC
3108,VIC
3109,VIC
3110,VIC
3111,VIC
3112,VIC
3113,VIC
3114,VIC
3115,VIC
3116,VIC
3117,VIC
3118,VIC
3119,VIC
3120,VIC
3121,VIC
3122,VIC
3123,VIC
3124,VIC
3125,VIC
3126,VIC
3127,VIC
3128,VIC
3129,VIC
3130,VIC
3131,VIC
3132,VIC
3133,VIC
3134,VIC
3135,VIC
3136,VIC
3137,VIC
3138,VIC
3139,VIC
3140,VIC
3141,VIC
3142,VIC
3143,VIC
3144,VIC
3145,VIC
3146,VIC
3147,VIC
3148,VIC
3149,VIC
3150,VIC
3151,VIC
3152,VIC
3153,VIC
3154,VIC
3155,VIC
3156,VIC
3157,VIC
3158,VIC
3159,VIC
3160,VIC
3161,VIC
3162,VIC
3163,VIC
3164,VIC
3165,VIC
3166,VIC
3167,VIC
3168,VIC
3169,VIC
3170,VIC
3171,VIC
3172,VIC
3173,VIC
3174,VIC
3175,VIC
3176,VIC
3177,VIC
3178,VIC
3179,VIC
3180,VIC
3181,VIC
3182,VIC
3183,VIC
3184,VIC
3185,VIC
3186,VIC
3187,VIC
3188,VIC
3189,VIC
3190,VIC
3191,VIC
3192,VIC
3193,VIC
3194,VIC
3195,VIC
3196,VIC
3197,VIC
3198,VIC
3199,VIC
3200,VIC
3201,VIC
3202,VIC
3203,VIC
3204,VIC
3205,VIC
3206,VIC
3207,VIC
3208,VIC
3209,VIC
3210,VIC
3211,VIC
3212,VIC
3213,VIC
3214,VIC
3215,VIC
3216,VIC
3217,VIC
3218,VIC
3219,VIC
3220,VIC
3221,VIC
3222,VIC
3223,VIC
3224,VIC
3225,VIC
3226,VIC
3227,VIC
3228,VIC
3229,VIC
3230,VIC
3231,VIC
3232,VIC
3233,VIC
3234,VIC
3235,VIC
3236,VIC
3237,VIC
3238,VIC
3239,VIC
3240,VIC
3241,VIC
3242,VIC
3243,VIC
3244,VIC
3245,VIC
3246,VIC
3247,VIC
3248,VIC
3249,VIC
3250,VIC
3251,VIC
3252,VIC
3253,VIC
3254,VIC
3255,VIC
3256,VIC
3257,VIC
3258,VIC
3259,VIC
3260,VIC
3261,VIC
3262,VIC
3263,VIC
3264,VIC
3265,VIC
3266,VIC
3267,VIC
3268,VIC
3269,VIC
3270,VIC
3271,VIC
3272,VIC
3273,VIC
3274,VIC
3275,VIC
3276,VIC
3277,VIC
3278,VIC
3279,VIC
3280,VIC
3281,VIC
3282,VIC
3283,VIC
3284,VIC
3285,VIC
3286,VIC
3287,VIC
3288,VIC
3289,VIC
3290,VIC
3291,VIC
3292,VIC
3293,VIC
3294,VIC
3295,VIC
3296,VIC
3297,VIC
3298,VIC
3299,VIC
3300,VIC
3301,VIC
3302,VIC
3303,VIC
3304,VIC
3305,VIC
3306,VIC
3307,VIC
3308,VIC
3309,VIC
3310,VIC
3311,VIC
3312,VIC
3313,VIC
3314,VIC
3315,VIC
3316,VIC
3317,VIC
3318,VIC
3319,VIC
3320,VIC
3321,VIC
3322,VIC
3323,VIC
3324,VIC
3325,VIC
3326,VIC
3327,VIC
3328,VIC
3329,VIC
3330,VIC
3331,VIC
3332,VIC
3333,VIC
3334,VIC
3335,VIC
3336,VIC
3337,VIC
3338,VIC
3339,VIC
3340,VIC
3341,VIC
3342,VIC
3343,VIC
3344,VIC
3345,VIC
3346,VIC
3347,VIC
3348,VIC
3349,VIC
3350,VIC
3351,VIC
3352,VIC
3353,VIC
3354,VIC
3355,VIC
3356,VIC
3357,VIC
3358,VIC
3359,VIC
3360,VIC
3361,VIC
3362,VIC
3363,VIC
3364,VIC
3365,VIC
3366,VIC
3367,VIC
3368,VIC
3369,VIC
3370,VIC
3371,VIC
3372,VIC
3373,VIC
3374,VIC
3375,VIC
3376,VIC
3377,VIC
3378,VIC
3379,VIC
3380,VIC
3381,VIC
3382,VIC
3383,VIC
3384,VIC
3385,VIC
3386,VIC
3387,VIC
3388,VIC
3389,VIC
3390,VIC
3391,VIC
3392,VIC
3393,VIC
3394,VIC
3395,VIC
3396,VIC
3397,VIC
3398,VIC
3399,VIC
3400,VIC
3401,VIC
3402,VIC
3403,VIC
3404,VIC
3405,VIC
3406,VIC
3407,VIC
3408,VIC
3409,VIC
3410,VIC
3411,VIC
3412,VIC
3413,VIC
3414,VIC
3415,VIC
3416,VIC
3417,VIC
3418,VIC
3419,VIC
3420,VIC
3421,VIC
3422,VIC
3423,VIC
3424,VIC
3425,VIC
3426,VIC
3427,VIC
3428,VIC
3429,VIC
3430,VIC
3431,VIC
3432,VIC
3433,VIC
3434,VIC
3435,VIC
3436,VIC
3437,VIC
3438,VIC
3439,VIC
3440,VIC
3441,VIC
3442,VIC
3443,VIC
3444,VIC
3445,VIC
3446,VIC
3447,VIC
3448,VIC
3449,VIC
3450,VIC
3451,VIC
3452,VIC
3453,VIC
3454,VIC
3455,VIC
3456,VIC
3457,VIC
3458,VIC
3459,VIC
3460,VIC
3461,VIC
3462,VIC
3463,VIC
3464,VIC
3465,VIC
3466,VIC
3467,VIC
3468,VIC
3469,VIC
3470,VIC
3471,VIC
3472,VIC
3473,VIC
3474,VIC
3475,VIC
3476,VIC
3477,VIC
3478,VIC
3479,VIC
3480,VIC
3481,VIC
3482,VIC
3483,VIC
3484,VIC
3485,VIC
3486,VIC
3487,VIC
3488,VIC
3489,VIC
3490,VIC
3491,VIC
3492,VIC
3493,VIC
3494,VIC
3495,VIC
3496,VIC
3497,VIC
3498,VIC
3499,VIC
3500,VIC
3501,VIC
3502,VIC
3503,VIC
3504,VIC
3505,VIC
3506,VIC
3507,VIC
3508,VIC
3509,VIC
3510,VIC
3511,VIC
3512,VIC
3513,VIC
3514,VIC
3515,VIC
3516,VIC
3517,VIC
3518,VIC
3519,VIC
3520,VIC
3521,VIC
3522,VIC
3523,VIC
3524,VIC
3525,VIC
3526,VIC
3527,VIC
3528,VIC
3529,VIC
3530,VIC
3531,VIC
3532,VIC
3533,VIC
3534,VIC
3535,VIC
3536,VIC
3537,VIC
3538,VIC
3539,VIC
3540,VIC
3541,VIC
3542,VIC
3543,VIC
3544,VIC
3545,VIC
3546,VIC
3547,VIC
3548,VIC
3549,VIC
3550,VIC
3551,VIC
3552,VIC
3553,VIC
3554,VIC
3555,VIC
3556,VIC
3557,VIC
3558,VIC
3559,VIC
3560,VIC
3561,VIC
3562,VIC
3563,VIC
3564,VIC
3565,VIC
3566,VIC
3567,VIC
3568,VIC
3569,VIC
3570,VIC
3571,VIC
3572,VIC
3573,VIC
3574,VIC
3575,VIC
3576,VIC
3577,VIC
3578,VIC
3579,VIC
3580,VIC
3581,VIC
3582,VIC
3583,VIC
3584,VIC
3585,VIC
3586,VIC
3587,VIC
3588,VIC
3589,VIC
3590,VIC
3591,VIC
3592,VIC
3593,VIC
3594,VIC
3595,VIC
3596,VIC
3597,VIC
3598,VIC
3599,VIC
3600,VIC
3601,VIC
3602,VIC
3603,VIC
3604,VIC
3605,VIC
3606,VIC
3607,VIC
3608,VIC
3609,VIC
3610,VIC
3611,VIC
3612,VIC
3613,VIC
3614,VIC
3615,VIC
3616,VIC
3617,VIC
3618,VIC
3619,VIC
3620,VIC
3621,VIC
3622,VIC
3623,VIC
3624,VIC
3625,VIC
3626,VIC
3627,VIC
3628,VIC
3629,VIC
3630,VIC
3631,VIC
3632,VIC
3633,VIC
3634,VIC
3635,VIC
3636,VIC
3637,VIC
3638,VIC
3639,VIC
3640,VIC
3641,VIC
3642,VIC
3643,VIC
3644,VIC
3645,VIC
3646,VIC
3647,VIC
3648,VIC
3649,VIC
3650,VIC
3651,VIC
3652,VIC
3653,VIC
3654,VIC
3655,VIC
3656,VIC
3657,VIC
3658,VIC
3659,VIC
3660,VIC
3661,VIC
3662,VIC
3663,VIC
3664,VIC
3665,VIC
3666,VIC
3667,VIC
3668,VIC
3669,VIC
3670,VIC
3671,VIC
3672,VIC
3673,VIC
3674,VIC
3675,VIC
3676,VIC
3677,VIC
3678,VIC
3679,VIC
3680,VIC
3681,VIC
3682,VIC
3683,VIC
3684,VIC
3685,VIC
3686,VIC
3687,VIC
3688,VIC
3689,VIC
3690,VIC
3691,VIC
3692,VIC
3693,VIC
3694,VIC
3695,VIC
3696,VIC
3697,VIC
3698,VIC
3699,VIC
3700,VIC
3701,VIC
3702,VIC
3703,VIC
3704,VIC
3705,VIC
3706,VIC
3707,VIC
3708,VIC
3709,VIC
3710,VIC
3711,VIC
3712,VIC
3713,VIC
3714,VIC
3715,VIC
3716,VIC
3717,VIC
3718,VIC
3719,VIC
3720,VIC
3721,VIC
3722,VIC
3723,VIC
3724,VIC
3725,VIC
3726,VIC
3727,VIC
3728,VIC
3729,VIC
3730,VIC
3731,VIC
3732,VIC
3733,VIC
3734,VIC
3735,VIC
3736,VIC
3737,VIC
3738,VIC
3739,VIC
3740,VIC
3741,VIC
3742,VIC
3743,VIC
3744,VIC
3745,VIC
3746,VIC
3747,VIC
3748,VIC
3749,VIC
3750,VIC
3751,VIC
3752,VIC
3753,VIC
3754,VIC
3755,VIC
3756,VIC
3757,VIC
3758,VIC
3759,VIC
3760,VIC
3761,VIC
3762,VIC
3763,VIC
3764,VIC
3765,VIC
3766,VIC
3767,VIC
3768,VIC
3769,VIC
3770,VIC
3771,VIC
3772,VIC
3773,VIC
3774,VIC
3775,VIC
3776,VIC
3777,VIC
3778,VIC
3779,VIC
3780,VIC
3781,VIC
3782,VIC
3783,VIC
3784,VIC
3785,VIC
3786,VIC
3787,VIC
3788,VIC
3789,VIC
3790,VIC
3791,VIC
3792,VIC
3793,VIC
3794,VIC
3795,VIC
3796,VIC
3797,VIC
3798,VIC
3799,VIC
3800,VIC
3801,VIC
3802,VIC
3803,VIC
3804,VIC
3805,VIC
3806,VIC
3807,VIC
3808,VIC
3809,VIC
3810,VIC
3811,VIC
3812,VIC
3813,VIC
3814,VIC
3815,VIC
3816,VIC
3817,VIC
3818,VIC
3819,VIC
3820,VIC
3821,VIC
3822,VIC
3823,VIC
3824,VIC
3825,VIC
3826,VIC
3827,VIC
3828,VIC
3829,VIC
3830,VIC
3831,VIC
3832,VIC
3833,VIC
3834,VIC
3835,VIC
3836,VIC
3837,VIC
3838,VIC
3839,VIC
3840,VIC
3841,VIC
3842,VIC
3843,VIC
3844,VIC
3845,VIC
3846,VIC
3847,VIC
3848,VIC
3849,VIC
3850,VIC
3851,VIC
3852,VIC
3853,VIC
3854,VIC
3855,VIC
3856,VIC
3857,VIC
3858,VIC
3859,VIC
3860,VIC
3861,VIC
3862,VIC
3863,VIC
3864,VIC
3865,VIC
3866,VIC
3867,VIC
3868,VIC
3869,VIC
3870,VIC
3871,VIC
3872,VIC
3873,VIC
3874,VIC
3875,VIC
3876,VIC
3877,VIC
3878,VIC
3879,VIC
3880,VIC
3881,VIC
3882,VIC
3883,VIC
3884,VIC
3885,VIC
3886,VIC
3887,VIC
3888,VIC
3889,VIC
3890,VIC
3891,VIC
3892,VIC
3893,VIC
3894,VIC
3895,VIC
3896,VIC
3897,VIC
3898,VIC
3899,VIC
3900,VIC
3901,VIC
3902,VIC
3903,VIC
3904,VIC
3905,VIC
3906,VIC
3907,VIC
3908,VIC
3909,VIC
3910,VIC
3911,VIC
3912,VIC
3913,VIC
3914,VIC
3915,VIC
3916,VIC
3917,VIC
3918,VIC
3919,VIC
3920,VIC
3921,VIC
3922,VIC
3923,VIC
3924,VIC
3925,VIC
3926,VIC
3927,VIC
3928,VIC
3929,VIC
3930,VIC
3931,VIC
3932,VIC
3933,VIC
3934,VIC
3935,VIC
3936,VIC
3937,VIC
3938,VIC
3939,VIC
3940,VIC
3941,VIC
3942,VIC
3943,VIC
3944,VIC
3945,VIC
3946,VIC
3947,VIC
3948,VIC
3949,VIC
3950,VIC
3951,VIC
3952,VIC
3953,VIC
3954,VIC
3955,VIC
3956,VIC
3957,VIC
3958,VIC
3959,VIC
3960,VIC
3961,VIC
3962,VIC
3963,VIC
3964,VIC
3965,VIC
3966,VIC
3967,VIC
3968,VIC
3969,VIC
3970,VIC
3971,VIC
3972,VIC
3973,VIC
3974,VIC
3975,VIC
3976,VIC
3977,VIC
3978,VIC
3979,VIC
3980,VIC
3981,VIC
3982,VIC
3983,VIC
3984,VIC
3985,VIC
3986,VIC
3987,VIC
3988,VIC
3989,VIC
3990,VIC
3991,VIC
3992,VIC
3993,VIC
3994,VIC
3995,VIC
3996,VIC
3997,VIC
3998,VIC
3999,VIC
4000,QLD
4001,QLD
4002,QLD
4003,QLD
4004,QLD
4005,QLD
4006,QLD
4007,QLD
4008,QLD
4009,QLD
4010,QLD
4011,QLD
4012,QLD
4013,QLD
4014,QLD
4015,QLD
4016,QLD
4017,QLD
4018,QLD
4019,QLD
4020,QLD
4021,QLD
4022,QLD
4023,QLD
4024,QLD
4025,QLD
4026,QLD
4027,QLD
4028,QLD
4029,QLD
4030,QLD
4031,QLD
4032,QLD
4033,QLD
4034,QLD
4035,QLD
4036,QLD
4037,QLD
4038,QLD
4039,QLD
4040,QLD
4041,QLD
4042,QLD
4043,QLD
4044,QLD
4045,QLD
4046,QLD
4047,QLD
4048,QLD
4049,QLD
4050,QLD
4051,QLD
4052,QLD
4053,QLD
4054,QLD
4055,QLD
4056,QLD
4057,QLD
4058,QLD
4059,QLD
4060,QLD
4061,QLD
4062,QLD
4063,QLD
4064,QLD
4065,QLD
4066,QLD
4067,QLD
4068,QLD
4069,QLD
4070,QLD
4071,QLD
4072,QLD
4073,QLD
4074,QLD
4075,QLD
4076,QLD
4077,QLD
4078,QLD
4079,QLD
4080,QLD
4081,QLD
4082,QLD
4083,QLD
4084,QLD
4085,QLD
4086,QLD
4087,QLD
4088,QLD
4089,QLD
4090,QLD
4091,QLD
4092,QLD
4093,QLD
4094,QLD
4095,QLD
4096,QLD
4097,QLD
4098,QLD
4099,QLD
4100,QLD
4101,QLD
4102,QLD
4103,QLD
4104,QLD
4105,QLD
4106,QLD
4107,QLD
4108,QLD
4109,QLD
4110,QLD
4111,QLD
4112,QLD
4113,QLD
4114,QLD
4115,QLD
4116,QLD
4117,QLD
4118,QLD
4119,QLD
4120,QLD
4121,QLD
4122,QLD
4123,QLD
4124,QLD
4125,QLD
4126,QLD
4127,QLD
4128,QLD
4129,QLD
4130,QLD
4131,QLD
4132,QLD
4133,QLD
4134,QLD
4135,QLD
4136,QLD
4137,QLD
4138,QLD
4139,QLD
4140,QLD
4141,QLD
4142,QLD
4143,QLD
4144,QLD
4145,QLD
4146,QLD
4147,QLD
4148,QLD
4149,QLD
4150,QLD
4151,QLD
4152,QLD
4153,QLD
4154,QLD
4155,QLD
4156,QLD
4157,QLD
4158,QLD
4159,QLD
4160,QLD
4161,QLD
4162,QLD
4163,QLD
4164,QLD
4165,QLD
4166,QLD
4167,QLD
4168,QLD
4169,QLD
4170,QLD
4171,QLD
4172,QLD
4173,QLD
4174,QLD
4175,QLD
4176,QLD
4177,QLD
4178,QLD
4179,QLD
4180,QLD
4181,QLD
4182,QLD
4183,QLD
4184,QLD
4185,QLD
4186,QLD
4187,QLD
4188,QLD
4189,QLD
4190,QLD
4191,QLD
4192,QLD
4193,QLD
4194,QLD
4195,QLD
4196,QLD
4197,QLD
4198,QLD
4199,QLD
4200,QLD
4201,QLD
4202,QLD
4203,QLD
4204,QLD
4205,QLD
4206,QLD
4207,QLD
4208,QLD
4209,QLD
4210,QLD
4211,QLD
4212,QLD
4213,QLD
4214,QLD
4215,QLD
4216,QLD
4217,QLD
4218,QLD
4219,QLD
4220,QLD
4221,QLD
4222,QLD
4223,QLD
4224,QLD
4225,QLD
4226,QLD
4227,QLD
4228,QLD
4229,QLD
4230,QLD
4231,QLD
4232,QLD
4233,QLD
4234,QLD
4235,QLD
4236,QLD
4237,QLD
4238,QLD
4239,QLD
4240,QLD
4241,QLD
4242,QLD
4243,QLD
4244,QLD
4245,QLD
4246,QLD
4247,QLD
4248,QLD
4249,QLD
4250,QLD
4251,QLD
4252,QLD
4253,QLD
4254,QLD
4255,QLD
4256,QLD
4257,QLD
4258,QLD
4259,QLD
4260,QLD
4261,QLD
4262,QLD
4263,QLD
4264,QLD
4265,QLD
4266,QLD
4267,QLD
4268,QLD
4269,QLD
4270,QLD
4271,QLD
4272,QLD
4273,QLD
4274,QLD
4275,QLD
4276,QLD
4277,QLD
4278,QLD
4279,QLD
4280,QLD
4281,QLD
4282,QLD
4283,QLD
4284,QLD
4285,QLD
4286,QLD
4287,QLD
4288,QLD
4289,QLD
4290,QLD
4291,QLD
4292,QLD
4293,QLD
4294,QLD
4295,QLD
4296,QLD
4297,QLD
4298,QLD
4299,QLD
4300,QLD
4301,QLD
4302,QLD
4303,QLD
4304,QLD
4305,QLD
4306,QLD
4307,QLD
4308,QLD
4309,QLD
4310,QLD
4311,QLD
4312,QLD
4313,QLD
4314,QLD
4315,QLD
4316,QLD
4317,QLD
4318,QLD
4319,QLD
4320,QLD
4321,QLD
4322,QLD
4323,QLD
4324,QLD
4325,QLD
4326,QLD
4327,QLD
4328,QLD
4329,QLD
4330,QLD
4331,QLD
4332,QLD
4333,QLD
4334,QLD
4335,QLD
4336,QLD
4337,QLD
4338,QLD
4339,QLD
4340,QLD
4341,QLD
4342,QLD
4343,QLD
4344,QLD
4345,QLD
4346,QLD
4347,QLD
4348,QLD
4349,QLD
4350,QLD
4351,QLD
4352,QLD
4353,QLD
4354,QLD
4355,QLD
4356,QLD
4357,QLD
4358,QLD
4359,QLD
4360,QLD
4361,QLD
4362,QLD
4363,QLD
4364,QLD
4365,QLD
4366,QLD
4367,QLD
4368,QLD
4369,QLD
4370,QLD
4371,QLD
4372,QLD
4373,QLD
4374,QLD
4375,QLD
4376,QLD
4377,QLD
4378,QLD
4379,QLD
4380,QLD
4381,QLD
4382,QLD
4383,QLD
4384,QLD
4385,QLD
4386,QLD
4387,QLD
4388,QLD
4389,QLD
4390,QLD
4391,QLD
4392,QLD
4393,QLD
4394,QLD
4395,QLD
4396,QLD
4397,QLD
4398,QLD
4399,QLD
4400,QLD
4401,QLD
4402,QLD
4403,QLD
4404,QLD
4405,QLD
4406,QLD
4407,QLD
4408,QLD
4409,QLD
4410,QLD
4411,QLD
4412,QLD
4413,QLD
4414,QLD
4415,QLD
4416,QLD
4417,QLD
4418,QLD
4419,QLD
4420,QLD
4421,QLD
4422,QLD
4423,QLD
4424,QLD
4425,QLD
4426,QLD
4427,QLD
4428,QLD
4429,QLD
4430,QLD
4431,QLD
4432,QLD
4433,QLD
4434,QLD
4435,QLD
4436,QLD
4437,QLD
4438,QLD
4439,QLD
4440,QLD
4441,QLD
4442,QLD
4443,QLD
4444,QLD
4445,QLD
4446,QLD
4447,QLD
4448,QLD
4449,QLD
4450,QLD
4451,QLD
4452,QLD
4453,QLD
4454,QLD
4455,QLD
4456,QLD
4457,QLD
4458,QLD
4459,QLD
4460,QLD
4461,QLD
4462,QLD
4463,QLD
4464,QLD
4465,QLD
4466,QLD
4467,QLD
4468,QLD
4469,QLD
4470,QLD
4471,QLD
4472,QLD
4473,QLD
4474,QLD
4475,QLD
4476,QLD
4477,QLD
4478,QLD
4479,QLD
4480,QLD
4481,QLD
4482,QLD
4483,QLD
4484,QLD
4485,QLD
4486,QLD
4487,QLD
4488,QLD
4489,QLD
4490,QLD
4491,QLD
4492,QLD
4493,QLD
4494,QLD
4495,QLD
4496,QLD
4497,QLD
4498,QLD
4499,QLD
4500,QLD
4501,QLD
4502,QLD
4503,QLD
4504,QLD
4505,QLD
4506,QLD
4507,QLD
4508,QLD
4509,QLD
4510,QLD
4511,QLD
4512,QLD
4513,QLD
4514,QLD
4515,QLD
4516,QLD
4517,QLD
4518,QLD
4519,QLD
4520,QLD
4521,QLD
4522,QLD
4523,QLD
4524,QLD
4525,QLD
4526,QLD
4527,QLD
4528,QLD
4529,QLD
4530,QLD
4531,QLD
4532,QLD
4533,QLD
4534,QLD
4535,QLD
4536,QLD
4537,QLD
4538,QLD
4539,QLD
4540,QLD
4541,QLD
4542,QLD
4543,QLD
4544,QLD
4545,QLD
4546,QLD
4547,QLD
4548,QLD
4549,QLD
4550,QLD
4551,QLD
4552,QLD
4553,QLD
4554,QLD
4555,QLD
4556,QLD
4557,QLD
4558,QLD
4559,QLD
4560,QLD
4561,QLD
4562,QLD
4563,QLD
4564,QLD
4565,QLD
4566,QLD
4567,QLD
4568,QLD
4569,QLD
4570,QLD
4571,QLD
4572,QLD
4573,QLD
4574,QLD
4575,QLD
4576,QLD
4577,QLD
4578,QLD
4579,QLD
4580,QLD
4581,QLD
4582,QLD
4583,QLD
4584,QLD
4585,QLD
4586,QLD
4587,QLD
4588,QLD
4589,QLD
4590,QLD
4591,QLD
4592,QLD
4593,QLD
4594,QLD
4595,QLD
4596,QLD
4597,QLD
4598,QLD
4599,QLD
4600,QLD
4601,QLD
4602,QLD
4603,QLD
4604,QLD
4605,QLD
4606,QLD
4607,QLD
4608,QLD
4609,QLD
4610,QLD
4611,QLD
4612,QLD
4613,QLD
4614,QLD
4615,QLD
4616,QLD
4617,QLD
4618,QLD
4619,QLD
4620,QLD
4621,QLD
4622,QLD
4623,QLD
4624,QLD
4625,QLD
4626,QLD
4627,QLD
4628,QLD
4629,QLD
4630,QLD
4631,QLD
4632,QLD
4633,QLD
4634,QLD
4635,QLD
4636,QLD
4637,QLD
4638,QLD
4639,QLD
4640,QLD
4641,QLD
4642,QLD
4643,QLD
4644,QLD
4645,QLD
4646,QLD
4647,QLD
4648,QLD
4649,QLD
4650,QLD
4651,QLD
4652,QLD
4653,QLD
4654,QLD
4655,QLD
4656,QLD
4657,QLD
4658,QLD
4659,QLD
4660,QLD
4661,QLD
4662,QLD
4663,QLD
4664,QLD
4665,QLD
4666,QLD
4667,QLD
4668,QLD
4669,QLD
4670,QLD
4671,QLD
4672,QLD
4673,QLD
4674,QLD
4675,QLD
4676,QLD
4677,QLD
4678,QLD
4679,QLD
4680,QLD
4681,QLD
4682,QLD
4683,QLD
4684,QLD
4685,QLD
4686,QLD
4687,QLD
4688,QLD
4689,QLD
4690,QLD
4691,QLD
4692,QLD
4693,QLD
4694,QLD
4695,QLD
4696,QLD
4697,QLD
4698,QLD
4699,QLD
4700,QLD
4701,QLD
4702,QLD
4703,QLD
4704,QLD
4705,QLD
4706,QLD
4707,QLD
4708,QLD
4709,QLD
4710,QLD
4711,QLD
4712,QLD
4713,QLD
4714,QLD
4715,QLD
4716,QLD
4717,QLD
4718,QLD
4719,QLD
4720,QLD
4721,QLD
4722,QLD
4723,QLD
4724,QLD
4725,QLD
4726,QLD
4727,QLD
4728,QLD
4729,QLD
4730,QLD
4731,QLD
4732,QLD
4733,QLD
4734,QLD
4735,QLD
4736,QLD
4737,QLD
4738,QLD
4739,QLD
4740,QLD
4741,QLD
4742,QLD
4743,QLD
4744,QLD
4745,QLD
4746,QLD
4747,QLD
4748,QLD
4749,QLD
4750,QLD
4751,QLD
4752,QLD
4753,QLD
4754,QLD
4755,QLD
4756,QLD
4757,QLD
4758,QLD
4759,QLD
4760,QLD
4761,QLD
4762,QLD
4763,QLD
4764,QLD
4765,QLD
4766,QLD
4767,QLD
4768,QLD
4769,QLD
4770,QLD
4771,QLD
4772,QLD
4773,QLD
4774,QLD
4775,QLD
4776,QLD
4777,QLD
4778,QLD
4779,QLD
4780,QLD
4781,QLD
4782,QLD
4783,QLD
4784,QLD
4785,QLD
4786,QLD
4787,QLD
4788,QLD
4789,QLD
4790,QLD
4791,QLD
4792,QLD
4793,QLD
4794,QLD
4795,QLD
4796,QLD
4797,QLD
4798,QLD
4799,QLD
4800,QLD
4801,QLD
4802,QLD
4803,QLD
4804,QLD
4805,QLD
4806,QLD
4807,QLD
4808,QLD
4809,QLD
4810,QLD
4811,QLD
4812,QLD
4813,QLD
4814,QLD
4815,QLD
4816,QLD
4817,QLD
4818,QLD
4819,QLD
4820,QLD
4821,QLD
4822,QLD
4823,QLD
4824,QLD
4825,QLD
4826,QLD
4827,QLD
4828,QLD
4829,QLD
4830,QLD
4831,QLD
4832,QLD
4833,QLD
4834,QLD
4835,QLD
4836,QLD
4837,QLD
4838,QLD
4839,QLD
4840,QLD
4841,QLD
4842,QLD
4843,QLD
4844,QLD
4845,QLD
4846,QLD
4847,QLD
4848,QLD
4849,QLD
4850,QLD
4851,QLD
4852,QLD
4853,QLD
4854,QLD
4855,QLD
4856,QLD
4857,QLD
4858,QLD
4859,QLD
4860,QLD
4861,QLD
4862,QLD
4863,QLD
4864,QLD
4865,QLD
4866,QLD
4867,QLD
4868,QLD
4869,QLD
4870,QLD
4871,QLD
4872,QLD
4873,QLD
4874,QLD
4875,QLD
4876,QLD
4877,QLD
4878,QLD
4879,QLD
4880,QLD
4881,QLD
4882,QLD
4883,QLD
4884,QLD
4885,QLD
4886,QLD
4887,QLD
4888,QLD
4889,QLD
4890,QLD
4891,QLD
4892,QLD
4893,QLD
4894,QLD
4895,QLD
4896,QLD
4897,QLD
4898,QLD
4899,QLD
4900,QLD
4901,QLD
4902,QLD
4903,QLD
4904,QLD
4905,QLD
4906,QLD
4907,QLD
4908,QLD
4909,QLD
4910,QLD
4911,QLD
4912,QLD
4913,QLD
4914,QLD
4915,QLD
4916,QLD
4917,QLD
4918,QLD
4919,QLD
4920,QLD
4921,QLD
4922,QLD
4923,QLD
4924,QLD
4925,QLD
4926,QLD
4927,QLD
4928,QLD
4929,QLD
4930,QLD
4931,QLD
4932,QLD
4933,QLD
4934,QLD
4935,QLD
4936,QLD
4937,QLD
4938,QLD
4939,QLD
4940,QLD
4941,QLD
4942,QLD
4943,QLD
4944,QLD
4945,QLD
4946,QLD
4947,QLD
4948,QLD
4949,QLD
4950,QLD
4951,QLD
4952,QLD
4953,QLD
4954,QLD
4955,QLD
4956,QLD
4957,QLD
4958,QLD
4959,QLD
4960,QLD
4961,QLD
4962,QLD
4963,QLD
4964,QLD
4965,QLD
4966,QLD
4967,QLD
4968,QLD
4969,QLD
4970,QLD
4971,QLD
4972,QLD
4973,QLD
4974,QLD
4975,QLD
4976,QLD
4977,QLD
4978,QLD
4979,QLD
4980,QLD
4981,QLD
4982,QLD
4983,QLD
4984,QLD
4985,QLD
4986,QLD
4987,QLD
4988,QLD
4989,QLD
4990,QLD
4991,QLD
4992,QLD
4993,QLD
4994,QLD
4995,QLD
4996,QLD
4997,QLD
4998,QLD
4999,QLD
5000,SA
5001,SA
5002,SA
5003,SA
5004,SA
5005,SA
5006,SA
5007,SA
5008,SA
5009,SA
5010,SA
5011,SA
5012,SA
5013,SA
5014,SA
5015,SA
5016,SA
5017,SA
5018,SA
5019,SA
5020,SA
5021,SA
5022,SA
5023,SA
5024,SA
5025,SA
5026,SA
5027,SA
5028,SA
5029,SA
5030,SA
5031,SA
5032,SA
5033,SA
5034,SA
5035,SA
5036,SA
5037,SA
5038,SA
5039,SA
5040,SA
5041,SA
5042,SA
5043,SA
5044,SA
5045,SA
5046,SA
5047,SA
5048,SA
5049,SA
5050,SA
5051,SA
5052,SA
5053,SA
5054,SA
5055,SA
5056,SA
5057,SA
5058,SA
5059,SA
5060,SA
5061,SA
5062,SA
5063,SA
5064,SA
5065,SA
5066,SA
5067,SA
5068,SA
5069,SA
5070,SA
5071,SA
5072,SA
5073,SA
5074,SA
5075,SA
5076,SA
5077,SA
5078,SA
5079,SA
5080,SA
5081,SA
5082,SA
5083,SA
5084,SA
5085,SA
5086,SA
5087,SA
5088,SA
5089,SA
5090,SA
5091,SA
5092,SA
5093,SA
5094,SA
5095,SA
5096,SA
5097,SA
5098,SA
5099,SA
5100,SA
5101,SA
5102,SA
5103,SA
5104,SA
5105,SA
5106,SA
5107,SA
5108,SA
5109,SA
5110,SA
5111,SA
5112,SA
5113,SA
5114,SA
5115,SA
5116,SA
5117,SA
5118,SA
5119,SA
5120,SA
5121,SA
5122,SA
5123,SA
5124,SA
5125,SA
5126,SA
5127,SA
5128,SA
5129,SA
5130,SA
5131,SA
5132,SA
5133,SA
5134,SA
5135,SA
5136,SA
5137,SA
5138,SA
5139,SA
5140,SA
5141,SA
5142,SA
5143,SA
5144,SA
5145,SA
5146,SA
5147,SA
5148,SA
5149,SA
5150,SA
5151,SA
5152,SA
5153,SA
5154,SA
5155,SA
5156,SA
5157,SA
5158,SA
5159,SA
5160,SA
5161,SA
5162,SA
5163,SA
5164,SA
5165,SA
5166,SA
5167,SA
5168,SA
5169,SA
5170,SA
5171,SA
5172,SA
5173,SA
5174,SA
5175,SA
5176,SA
5177,SA
5178,SA
5179,SA
5180,SA
5181,SA
5182,SA
5183,SA
5184,SA
5185,SA
5186,SA
5187,SA
5188,SA
5189,SA
5190,SA
5191,SA
5192,SA
5193,SA
5194,SA
5195,SA
5196,SA
5197,SA
5198,SA
5199,SA
5200,SA
5201,SA
5202,SA
5203,SA
5204,SA
5205,SA
5206,SA
5207,SA
5208,SA
5209,SA
5210,SA
5211,SA
5212,SA
5213,SA
5214,SA
5215,SA
5216,SA
5217,SA
5218,SA
5219,SA
5220,SA
5221,SA
5222,SA
5223,SA
5224,SA
5225,SA
5226,SA
5227,SA
5228,SA
5229,SA
5230,SA
5231,SA
5232,SA
5233,SA
5234,SA
5235,SA
5236,SA
5237,SA
5238,SA
5239,SA
5240,SA
5241,SA
5242,SA
5243,SA
5244,SA
5245,SA
5246,SA
5247,SA
5248,SA
5249,SA
5250,SA
5251,SA
5252,SA
5253,SA
5254,SA
5255,SA
5256,SA
5257,SA
5258,SA
5259,SA
5260,SA
5261,SA
5262,SA
5263,SA
5264,SA
5265,SA
5266,SA
5267,SA
5268,SA
5269,SA
5270,SA
5271,SA
5272,SA
5273,SA
5274,SA
5275,SA
5276,SA
5277,SA
5278,SA
5279,SA
5280,SA
5281,SA
5282,SA
5283,SA
5284,SA
5285,SA
5286,SA
5287,SA
5288,SA
5289,SA
5290,SA
5291,SA
5292,SA
5293,SA
5294,SA
5295,SA
5296,SA
5297,SA
5298,SA
5299,SA
5300,SA
5301,SA
5302,SA
5303,SA
5304,SA
5305,SA
5306,SA
5307,SA
5308,SA
5309,SA
5310,SA
5311,SA
5312,SA
5313,SA
5314,SA
5315,SA
5316,SA
5317,SA
5318,SA
5319,SA
5320,SA
5321,SA
5322,SA
5323,SA
5324,SA
5325,SA
5326,SA
5327,SA
5328,SA
5329,SA
5330,SA
5331,SA
5332,SA
5333,SA
5334,SA
5335,SA
5336,SA
5337,SA
5338,SA
5339,SA
5340,SA
5341,SA
5342,SA
5343,SA
5344,SA
5345,SA
5346,SA
5347,SA
5348,SA
5349,SA
5350,SA
5351,SA
5352,SA
5353,SA
5354,SA
5355,SA
5356,SA
5357,SA
5358,SA
5359,SA
5360,SA
5361,SA
5362,SA
5363,SA
5364,SA
5365,SA
5366,SA
5367,SA
5368,SA
5369,SA
5370,SA
5371,SA
5372,SA
5373,SA
5374,SA
5375,SA
5376,SA
5377,SA
5378,SA
5379,SA
5380,SA
5381,SA
5382,SA
5383,SA
5384,SA
5385,SA
5386,SA
5387,SA
5388,SA
5389,SA
5390,SA
5391,SA
5392,SA
5393,SA
5394,SA
5395,SA
5396,SA
5397,SA
5398,SA
5399,SA
5400,SA
5401,SA
5402,SA
5403,SA
5404,SA
5405,SA
5406,SA
5407,SA
5408,SA
5409,SA
5410,SA
5411,SA
5412,SA
5413,SA
5414,SA
5415,SA
5416,SA
5417,SA
5418,SA
5419,SA
5420,SA
5421,SA
5422,SA
5423,SA
5424,SA
5425,SA
5426,SA
5427,SA
5428,SA
5429,SA
5430,SA
5431,SA
5432,SA
5433,SA
5434,SA
5435,SA
5436,SA
5437,SA
5438,SA
5439,SA
5440,SA
5441,SA
5442,SA
5443,SA
5444,SA
5445,SA
5446,SA
5447,SA
5448,SA
5449,SA
5450,SA
5451,SA
5452,SA
5453,SA
5454,SA
5455,SA
5456,SA
5457,SA
5458,SA
5459,SA
5460,SA
5461,SA
5462,SA
5463,SA
5464,SA
5465,SA
5466,SA
5467,SA
5468,SA
5469,SA
5470,SA
5471,SA
5472,SA
5473,SA
5474,SA
5475,SA
5476,SA
5477,SA
5478,SA
5479,SA
5480,SA
5481,SA
5482,SA
5483,SA
5484,SA
5485,SA
5486,SA
5487,SA
5488,SA
5489,SA
5490,SA
5491,SA
5492,SA
5493,SA
5494,SA
5495,SA
5496,SA
5497,SA
5498,SA
5499,SA
5500,SA
5501,SA
5502,SA
5503,SA
5504,SA
5505,SA
5506,SA
5507,SA
5508,SA
5509,SA
5510,SA
5511,SA
5512,SA
5513,SA
5514,SA
5515,SA
5516,SA
5517,SA
5518,SA
5519,SA
5520,SA
5521,SA
5522,SA
5523,SA
5524,SA
5525,SA
5526,SA
5527,SA
5528,SA
5529,SA
5530,SA
5531,SA
5532,SA
5533,SA
5534,SA
5535,SA
5536,SA
5537,SA
5538,SA
5539,SA
5540,SA
5541,SA
5542,SA
5543,SA
5544,SA
5545,SA
5546,SA
5547,SA
5548,SA
5549,SA
5550,SA
5551,SA
5552,SA
5553,SA
5554,SA
5555,SA
5556,SA
5557,SA
5558,SA
5559,SA
5560,SA
5561,SA
5562,SA
5563,SA
5564,SA
5565,SA
5566,SA
5567,SA
5568,SA
5569,SA
5570,SA
5571,SA
5572,SA
5573,SA
5574,SA
5575,SA
5576,SA
5577,SA
5578,SA
5579,SA
5580,SA
5581,SA
5582,SA
5583,SA
5584,SA
5585,SA
5586,SA
5587,SA
5588,SA
5589,SA
5590,SA
5591,SA
5592,SA
5593,SA
5594,SA
5595,SA
5596,SA
5597,SA
5598,SA
5599,SA
5600,SA
5601,SA
5602,SA
5603,SA
5604,SA
5605,SA
5606,SA
5607,SA
5608,SA
5609,SA
5610,SA
5611,SA
5612,SA
5613,SA
5614,SA
5615,SA
5616,SA
5617,SA
5618,SA
5619,SA
5620,SA
5621,SA
5622,SA
5623,SA
5624,SA
5625,SA
5626,SA
5627,SA
5628,SA
5629,SA
5630,SA
5631,SA
5632,SA
5633,SA
5634,SA
5635,SA
5636,SA
5637,SA
5638,SA
5639,SA
5640,SA
5641,SA
5642,SA
5643,SA
5644,SA
5645,SA
5646,SA
5647,SA
5648,SA
5649,SA
5650,SA
5651,SA
5652,SA
5653,SA
5654,SA
5655,SA
5656,SA
5657,SA
5658,SA
5659,SA
5660,SA
5661,SA
5662,SA
5663,SA
5664,SA
5665,SA
5666,SA
5667,SA
5668,SA
5669,SA
5670,SA
5671,SA
5672,SA
5673,SA
5674,SA
5675,SA
5676,SA
5677,SA
5678,SA
5679,SA
5680,SA
5681,SA
5682,SA
5683,SA
5684,SA
5685,SA
5686,SA
5687,SA
5688,SA
5689,SA
5690,SA
5691,SA
5692,SA
5693,SA
5694,SA
5695,SA
5696,SA
5697,SA
5698,SA
5699,SA
5700,SA
5701,SA
5702,SA
5703,SA
5704,SA
5705,SA
5706,SA
5707,SA
5708,SA
5709,SA
5710,SA
5711,SA
5712,SA
5713,SA
5714,SA
5715,SA
5716,SA
5717,SA
5718,SA
5719,SA
5720,SA
5721,SA
5722,SA
5723,SA
5724,SA
5725,SA
5726,SA
5727,SA
5728,SA
5729,SA
5730,SA
5731,SA
5732,SA
5733,SA
5734,SA
5735,SA
5736,SA
5737,SA
5738,SA
5739,SA
5740,SA
5741,SA
5742,SA
5743,SA
5744,SA
5745,SA
5746,SA
5747,SA
5748,SA
5749,SA
5750,SA
5751,SA
5752,SA
5753,SA
5754,SA
5755,SA
5756,SA
5757,SA
5758,SA
5759,SA
5760,SA
5761,SA
5762,SA
5763,SA
5764,SA
5765,SA
5766,SA
5767,SA
5768,SA
5769,SA
5770,SA
5771,SA
5772,SA
5773,SA
5774,SA
5775,SA
5776,SA
5777,SA
5778,SA
5779,SA
5780,SA
5781,SA
5782,SA
5783,SA
5784,SA
5785,SA
5786,SA
5787,SA
5788,SA
5789,SA
5790,SA
5791,SA
5792,SA
5793,SA
5794,SA
5795,SA
5796,SA
5797,SA
5798,SA
5799,SA
5800,SA
5801,SA
5802,SA
5803,SA
5804,SA
5805,SA
5806,SA
5807,SA
5808,SA
5809,SA
5810,SA
5811,SA
5812,SA
5813,SA
5814,SA
5815,SA
5816,SA
5817,SA
5818,SA
5819,SA
5820,SA
5821,SA
5822,SA
5823,SA
5824,SA
5825,SA
5826,SA
5827,SA
5828,SA
5829,SA
5830,SA
5831,SA
5832,SA
5833,SA
5834,SA
5835,SA
5836,SA
5837,SA
5838,SA
5839,SA
5840,SA
5841,SA
5842,SA
5843,SA
5844,SA
5845,SA
5846,SA
5847,SA
5848,SA
5849,SA
5850,SA
5851,SA
5852,SA
5853,SA
5854,SA
5855,SA
5856,SA
5857,SA
5858,SA
5859,SA
5860,SA
5861,SA
5862,SA
5863,SA
5864,SA
5865,SA
5866,SA
5867,SA
5868,SA
5869,SA
5870,SA
5871,SA
5872,SA
5873,SA
5874,SA
5875,SA
5876,SA
5877,SA
5878,SA
5879,SA
5880,SA
5881,SA
5882,SA
5883,SA
5884,SA
5885,SA
5886,SA
5887,SA
5888,SA
5889,SA
5890,SA
5891,SA
5892,SA
5893,SA
5894,SA
5895,SA
5896,SA
5897,SA
5898,SA
5899,SA
5900,SA
5901,SA
5902,SA
5903,SA
5904,SA
5905,SA
5906,SA
5907,SA
5908,SA
5909,SA
5910,SA
5911,SA
5912,SA
5913,SA
5914,SA
5915,SA
5916,SA
5917,SA
5918,SA
5919,SA
5920,SA
5921,SA
5922,SA
5923,SA
5924,SA
5925,SA
5926,SA
5927,SA
5928,SA
5929,SA
5930,SA
5931,SA
5932,SA
5933,SA
5934,SA
5935,SA
5936,SA
5937,SA
5938,SA
5939,SA
5940,SA
5941,SA
5942,SA
5943,SA
5944,SA
5945,SA
5946,SA
5947,SA
5948,SA
5949,SA
5950,SA
5951,SA
5952,SA
5953,SA
5954,SA
5955,SA
5956,SA
5957,SA
5958,SA
5959,SA
5960,SA
5961,SA
5962,SA
5963,SA
5964,SA
5965,SA
5966,SA
5967,SA
5968,SA
5969,SA
5970,SA
5971,SA
5972,SA
5973,SA
5974,SA
5975,SA
5976,SA
5977,SA
5978,SA
5979,SA
5980,SA
5981,SA
5982,SA
5983,SA
5984,SA
5985,SA
5986,SA
5987,SA
5988,SA
5989,SA
5990,SA
5991,SA
5992,SA
5993,SA
5994,SA
5995,SA
5996,SA
5997,SA
5998,SA
5999,SA
6000,WA
6001,WA
6002,WA
6003,WA
6004,WA
6005,WA
6006,WA
6007,WA
6008,WA
6009,WA
6010,WA
6011,WA
6012,WA
6013,WA
6014,WA
6015,WA
6016,WA
6017,WA
6018,WA
6019,WA
6020,WA
6021,WA
6022,WA
6023,WA
6024,WA
6025,WA
6026,WA
6027,WA
6028,WA
6029,WA
6030,WA
6031,WA
6032,WA
6033,WA
6034,WA
6035,WA
6036,WA
6037,WA
6038,WA
6039,WA
6040,WA
6041,WA
6042,WA
6043,WA
6044,WA
6045,WA
6046,WA
6047,WA
6048,WA
6049,WA
6050,WA
6051,WA
6052,WA
6053,WA
6054,WA
6055,WA
6056,WA
6057,WA
6058,WA
6059,WA
6060,WA
6061,WA
6062,WA
6063,WA
6064,WA
6065,WA
6066,WA
6067,WA
6068,WA
6069,WA
6070,WA
6071,WA
6072,WA
6073,WA
6074,WA
6075,WA
6076,WA
6077,WA
6078,WA
6079,WA
6080,WA
6081,WA
6082,WA
6083,WA
6084,WA
6085,WA
6086,WA
6087,WA
6088,WA
6089,WA
6090,WA
6091,WA
6092,WA
6093,WA
6094,WA
6095,WA
6096,WA
6097,WA
6098,WA
6099,WA
6100,WA
6101,WA
6102,WA
6103,WA
6104,WA
6105,WA
6106,WA
6107,WA
6108,WA
6109,WA
6110,WA
6111,WA
6112,WA
6113,WA
6114,WA
6115,WA
6116,WA
6117,WA
6118,WA
6119,WA
6120,WA
6121,WA
6122,WA
6123,WA
6124,WA
6125,WA
6126,WA
6127,WA
6128,WA
6129,WA
6130,WA
6131,WA
6132,WA
6133,WA
6134,WA
6135,WA
6136,WA
6137,WA
6138,WA
6139,WA
6140,WA
6141,WA
6142,WA
6143,WA
6144,WA
6145,WA
6146,WA
6147,WA
6148,WA
6149,WA
6150,WA
6151,WA
6152,WA
6153,WA
6154,WA
6155,WA
6156,WA
6157,WA
6158,WA
6159,WA
6160,WA
6161,WA
6162,WA
6163,WA
6164,WA
6165,WA
6166,WA
6167,WA
6168,WA
6169,WA
6170,WA
6171,WA
6172,WA
6173,WA
6174,WA
6175,WA
6176,WA
6177,WA
6178,WA
6179,WA
6180,WA
6181,WA
6182,WA
6183,WA
6184,WA
6185,WA
6186,WA
6187,WA
6188,WA
6189,WA
6190,WA
6191,WA
6192,WA
6193,WA
6194,WA
6195,WA
6196,WA
6197,WA
6198,WA
6199,WA
6200,WA
6201,WA
6202,WA
6203,WA
6204,WA
6205,WA
6206,WA
6207,WA
6208,WA
6209,WA
6210,WA
6211,WA
6212,WA
6213,WA
6214,WA
6215,WA
6216,WA
6217,WA
6218,WA
6219,WA
6220,WA
6221,WA
6222,WA
6223,WA
6224,WA
6225,WA
6226,WA
6227,WA
6228,WA
6229,WA
6230,WA
6231,WA
6232,WA
6233,WA
6234,WA
6235,WA
6236,WA
6237,WA
6238,WA
6239,WA
6240,WA
6241,WA
6242,WA
6243,WA
6244,WA
6245,WA
6246,WA
6247,WA
6248,WA
6249,WA
6250,WA
6251,WA
6252,WA
6253,WA
6254,WA
6255,WA
6256,WA
6257,WA
6258,WA
6259,WA
6260,WA
6261,WA
6262,WA
6263,WA
6264,WA
6265,WA
6266,WA
6267,WA
6268,WA
6269,WA
6270,WA
6271,WA
6272,WA
6273,WA
6274,WA
6275,WA
6276,WA
6277,WA
6278,WA
6279,WA
6280,WA
6281,WA
6282,WA
6283,WA
6284,WA
6285,WA
6286,WA
6287,WA
6288,WA
6289,WA
6290,WA
6291,WA
6292,WA
6293,WA
6294,WA
6295,WA
6296,WA
6297,WA
6298,WA
6299,WA
6300,WA
6301,WA
6302,WA
6303,WA
6304,WA
6305,WA
6306,WA
6307,WA
6308,WA
6309,WA
6310,WA
6311,WA
6312,WA
6313,WA
6314,WA
6315,WA
6316,WA
6317,WA
6318,WA
6319,WA
6320,WA
6321,WA
6322,WA
6323,WA
6324,WA
6325,WA
6326,WA
6327,WA
6328,WA
6329,WA
6330,WA
6331,WA
6332,WA
6333,WA
6334,WA
6335,WA
6336,WA
6337,WA
6338,WA
6339,WA
6340,WA
6341,WA
6342,WA
6343,WA
6344,WA
6345,WA
6346,WA
6347,WA
6348,WA
6349,WA
6350,WA
6351,WA
6352,WA
6353,WA
6354,WA
6355,WA
6356,WA
6357,WA
6358,WA
6359,WA
6360,WA
6361,WA
6362,WA
6363,WA
6364,WA
6365,WA
6366,WA
6367,WA
6368,WA
6369,WA
6370,WA
6371,WA
6372,WA
6373,WA
6374,WA
6375,WA
6376,WA
6377,WA
6378,WA
6379,WA
6380,WA
6381,WA
6382,WA
6383,WA
6384,WA
6385,WA
6386,WA
6387,WA
6388,WA
6389,WA
6390,WA
6391,WA
6392,WA
6393,WA
6394,WA
6395,WA
6396,WA
6397,WA
6398,WA
6399,WA
6400,WA
6401,WA
6402,WA
6403,WA
6404,WA
6405,WA
6406,WA
6407,WA
6408,WA
6409,WA
6410,WA
6411,WA
6412,WA
6413,WA
6414,WA
6415,WA
6416,WA
6417,WA
6418,WA
6419,WA
6420,WA
6421,WA
6422,WA
6423,WA
6424,WA
6425,WA
6426,WA
6427,WA
6428,WA
6429,WA
6430,WA
6431,WA
6432,WA
6433,WA
6434,WA
6435,WA
6436,WA
6437,WA
6438,WA
6439,WA
6440,WA
6441,WA
6442,WA
6443,WA
6444,WA
6445,WA
6446,WA
6447,WA
6448,WA
6449,WA
6450,WA
6451,WA
6452,WA
6453,WA
6454,WA
6455,WA
6456,WA
6457,WA
6458,WA
6459,WA
6460,WA
6461,WA
6462,WA
6463,WA
6464,WA
6465,WA
6466,WA
6467,WA
6468,WA
6469,WA
6470,WA
6471,WA
6472,WA
6473,WA
6474,WA
6475,WA
6476,WA
6477,WA
6478,WA
6479,WA
6480,WA
6481,WA
6482,WA
6483,WA
6484,WA
6485,WA
6486,WA
6487,WA
6488,WA
6489,WA
6490,WA
6491,WA
6492,WA
6493,WA
6494,WA
6495,WA
6496,WA
6497,WA
6498,WA
6499,WA
6500,WA
6501,WA
6502,WA
6503,WA
6504,WA
6505,WA
6506,WA
6507,WA
6508,WA
6509,WA
6510,WA
6511,WA
6512,WA
6513,WA
6514,WA
6515,WA
6516,WA
6517,WA
6518,WA
6519,WA
6520,WA
6521,WA
6522,WA
6523,WA
6524,WA
6525,WA
6526,WA
6527,WA
6528,WA
6529,WA
6530,WA
6531,WA
6532,WA
6533,WA
6534,WA
6535,WA
6536,WA
6537,WA
6538,WA
6539,WA
6540,WA
6541,WA
6542,WA
6543,WA
6544,WA
6545,WA
6546,WA
6547,WA
6548,WA
6549,WA
6550,WA
6551,WA
6552,WA
6553,WA
6554,WA
6555,WA
6556,WA
6557,WA
6558,WA
6559,WA
6560,WA
6561,WA
6562,WA
6563,WA
6564,WA
6565,WA
6566,WA
6567,WA
6568,WA
6569,WA
6570,WA
6571,WA
6572,WA
6573,WA
6574,WA
6575,WA
6576,WA
6577,WA
6578,WA
6579,WA
6580,WA
6581,WA
6582,WA
6583,WA
6584,WA
6585,WA
6586,WA
6587,WA
6588,WA
6589,WA
6590,WA
6591,WA
6592,WA
6593,WA
6594,WA
6595,WA
6596,WA
6597,WA
6598,WA
6599,WA
6600,WA
6601,WA
6602,WA
6603,WA
6604,WA
6605,WA
6606,WA
6607,WA
6608,WA
6609,WA
6610,WA
6611,WA
6612,WA
6613,WA
6614,WA
6615,WA
6616,WA
6617,WA
6618,WA
6619,WA
6620,WA
6621,WA
6622,WA
6623,WA
6624,WA
6625,WA
6626,WA
6627,WA
6628,WA
6629,WA
6630,WA
6631,WA
6632,WA
6633,WA
6634,WA
6635,WA
6636,WA
6637,WA
6638,WA
6639,WA
6640,WA
6641,WA
6642,WA
6643,WA
6644,WA
6645,WA
6646,WA
6647,WA
6648,WA
6649,WA
6650,WA
6651,WA
6652,WA
6653,WA
6654,WA
6655,WA
6656,WA
6657,WA
6658,WA
6659,WA
6660,WA
6661,WA
6662,WA
6663,WA
6664,WA
6665,WA
6666,WA
6667,WA
6668,WA
6669,WA
6670,WA
6671,WA
6672,WA
6673,WA
6674,WA
6675,WA
6676,WA
6677,WA
6678,WA
6679,WA
6680,WA
6681,WA
6682,WA
6683,WA
6684,WA
6685,WA
6686,WA
6687,WA
6688,WA
6689,WA
6690,WA
6691,WA
6692,WA
6693,WA
6694,WA
6695,WA
6696,WA
6697,WA
6698,WA
6699,WA
6700,WA
6701,WA
6702,WA
6703,WA
6704,WA
6705,WA
6706,WA
6707,WA
6708,WA
6709,WA
6710,WA
6711,WA
6712,WA
6713,WA
6714,WA
6715,WA
6716,WA
6717,WA
6718,WA
6719,WA
6720,WA
6721,WA
6722,WA
6723,WA
6724,WA
6725,WA
6726,WA
6727,WA
6728,WA
6729,WA
6730,WA
6731,WA
6732,WA
6733,WA
6734,WA
6735,WA
6736,WA
6737,WA
6738,WA
6739,WA
6740,WA
6741,WA
6742,WA
6743,WA
6744,WA
6745,WA
6746,WA
6747,WA
6748,WA
6749,WA
6750,WA
6751,WA
6752,WA
6753,WA
6754,WA
6755,WA
6756,WA
6757,WA
6758,WA
6759,WA
6760,WA
6761,WA
6762,WA
6763,WA
6764,WA
6765,WA
6766,WA
6767,WA
6768,WA
6769,WA
6770,WA
6771,WA
6772,WA
6773,WA
6774,WA
6775,WA
6776,WA
6777,WA
6778,WA
6779,WA
6780,WA
6781,WA
6782,WA
6783,WA
6784,WA
6785,WA
6786,WA
6787,WA
6788,WA
6789,WA
6790,WA
6791,WA
6792,WA
6793,WA
6794,WA
6795,WA
6796,WA
6797,WA
6798,WA
6799,WA
6800,WA
6801,WA
6802,WA
6803,WA
6804,WA
6805,WA
6806,WA
6807,WA
6808,WA
6809,WA
6810,WA
6811,WA
6812,WA
6813,WA
6814,WA
6815,WA
6816,WA
6817,WA
6818,WA
6819,WA
6820,WA
6821,WA
6822,WA
6823,WA
6824,WA
6825,WA
6826,WA
6827,WA
6828,WA
6829,WA
6830,WA
6831,WA
6832,WA
6833,WA
6834,WA
6835,WA
6836,WA
6837,WA
6838,WA
6839,WA
6840,WA
6841,WA
6842,WA
6843,WA
6844,WA
6845,WA
6846,WA
6847,WA
6848,WA
6849,WA
6850,WA
6851,WA
6852,WA
6853,WA
6854,WA
6855,WA
6856,WA
6857,WA
6858,WA
6859,WA
6860,WA
6861,WA
6862,WA
6863,WA
6864,WA
6865,WA
6866,WA
6867,WA
6868,WA
6869,WA
6870,WA
6871,WA
6872,WA
6873,WA
6874,WA
6875,WA
6876,WA
6877,WA
6878,WA
6879,WA
6880,WA
6881,WA
6882,WA
6883,WA
6884,WA
6885,WA
6886,WA
6887,WA
6888,WA
6889,WA
6890,WA
6891,WA
6892,WA
6893,WA
6894,WA
6895,WA
6896,WA
6897,WA
6898,WA
6899,WA
6900,WA
6901,WA
6902,WA
6903,WA
6904,WA
6905,WA
6906,WA
6907,WA
6908,WA
6909,WA
6910,WA
6911,WA
6912,WA
6913,WA
6914,WA
6915,WA
6916,WA
6917,WA
6918,WA
6919,WA
6920,WA
6921,WA
6922,WA
6923,WA
6924,WA
6925,WA
6926,WA
6927,WA
6928,WA
6929,WA
6930,WA
6931,WA
6932,WA
6933,WA
6934,WA
6935,WA
6936,WA
6937,WA
6938,WA
6939,WA
6940,WA
6941,WA
6942,WA
6943,WA
6944,WA
6945,WA
6946,WA
6947,WA
6948,WA
6949,WA
6950,WA
6951,WA
6952,WA
6953,WA
6954,WA
6955,WA
6956,WA
6957,WA
6958,WA
6959,WA
6960,WA
6961,WA
6962,WA
6963,WA
6964,WA
6965,WA
6966,WA
6967,WA
6968,WA
6969,WA
6970,WA
6971,WA
6972,WA
6973,WA
6974,WA
6975,WA
6976,WA
6977,WA
6978,WA
6979,WA
6980,WA
6981,WA
6982,WA
6983,WA
6984,WA
6985,WA
6986,WA
6987,WA
6988,WA
6989,WA
6990,WA
6991,WA
6992,WA
6993,WA
6994,WA
6995,WA
6996,WA
6997,WA
6998,WA
6999,WA
7000,TAS
7001,TAS
7002,TAS
7003,TAS
7004,TAS
7005,TAS
7006,TAS
7007,TAS
7008,TAS
7009,TAS
7010,TAS
7011,TAS
7012,TAS
7013,TAS
7014,TAS
7015,TAS
7016,TAS
7017,TAS
7018,TAS
7019,TAS
7020,TAS
7021,TAS
7022,TAS
7023,TAS
7024,TAS
7025,TAS
7026,TAS
7027,TAS
7028,TAS
7029,TAS
7030,TAS
7031,TAS
7032,TAS
7033,TAS
7034,TAS
7035,TAS
7036,TAS
7037,TAS
7038,TAS
7039,TAS
7040,TAS
7041,TAS
7042,TAS
7043,TAS
7044,TAS
7045,TAS
7046,TAS
7047,TAS
7048,TAS
7049,TAS
7050,TAS
7051,TAS
7052,TAS
7053,TAS
7054,TAS
7055,TAS
7056,TAS
7057,TAS
7058,TAS
7059,TAS
7060,TAS
7061,TAS
7062,TAS
7063,TAS
7064,TAS
7065,TAS
7066,TAS
7067,TAS
7068,TAS
7069,TAS
7070,TAS
7071,TAS
7072,TAS
7073,TAS
7074,TAS
7075,TAS
7076,TAS
7077,TAS
7078,TAS
7079,TAS
7080,TAS
7081,TAS
7082,TAS
7083,TAS
7084,TAS
7085,TAS
7086,TAS
7087,TAS
7088,TAS
7089,TAS
7090,TAS
7091,TAS
7092,TAS
7093,TAS
7094,TAS
7095,TAS
7096,TAS
7097,TAS
7098,TAS
7099,TAS
7100,TAS
7101,TAS
7102,TAS
7103,TAS
7104,TAS
7105,TAS
7106,TAS
7107,TAS
7108,TAS
7109,TAS
7110,TAS
7111,TAS
7112,TAS
7113,TAS
7114,TAS
7115,TAS
7116,TAS
7117,TAS
7118,TAS
7119,TAS
7120,TAS
7121,TAS
7122,TAS
7123,TAS
7124,TAS
7125,TAS
7126,TAS
7127,TAS
7128,TAS
7129,TAS
7130,TAS
7131,TAS
7132,TAS
7133,TAS
7134,TAS
7135,TAS
7136,TAS
7137,TAS
7138,TAS
7139,TAS
7140,TAS
7141,TAS
7142,TAS
7143,TAS
7144,TAS
7145,TAS
7146,TAS
7147,TAS
7148,TAS
7149,TAS
7150,TAS
7151,TAS
7152,TAS
7153,TAS
7154,TAS
7155,TAS
7156,TAS
7157,TAS
7158,TAS
7159,TAS
7160,TAS
7161,TAS
7162,TAS
7163,TAS
7164,TAS
7165,TAS
7166,TAS
7167,TAS
7168,TAS
7169,TAS
7170,TAS
7171,TAS
7172,TAS
7173,TAS
7174,TAS
7175,TAS
7176,TAS
7177,TAS
7178,TAS
7179,TAS
7180,TAS
7181,TAS
7182,TAS
7183,TAS
7184,TAS
7185,TAS
7186,TAS
7187,TAS
7188,TAS
7189,TAS
7190,TAS
7191,TAS
7192,TAS
7193,TAS
7194,TAS
7195,TAS
7196,TAS
7197,TAS
7198,TAS
7199,TAS
7200,TAS
7201,TAS
7202,TAS
7203,TAS
7204,TAS
7205,TAS
7206,TAS
7207,TAS
7208,TAS
7209,TAS
7210,TAS
7211,TAS
7212,TAS
7213,TAS
7214,TAS
7215,TAS
7216,TAS
7217,TAS
7218,TAS
7219,TAS
7220,TAS
7221,TAS
7222,TAS
7223,TAS
7224,TAS
7225,TAS
7226,TAS
7227,TAS
7228,TAS
7229,TAS
7230,TAS
7231,TAS
7232,TAS
7233,TAS
7234,TAS
7235,TAS
7236,TAS
7237,TAS
7238,TAS
7239,TAS
7240,TAS
7241,TAS
7242,TAS
7243,TAS
7244,TAS
7245,TAS
7246,TAS
7247,TAS
7248,TAS
7249,TAS
7250,TAS
7251,TAS
7252,TAS
7253,TAS
7254,TAS
7255,TAS
7256,TAS
7257,TAS
7258,TAS
7259,TAS
7260,TAS
7261,TAS
7262,TAS
7263,TAS
7264,TAS
7265,TAS
7266,TAS
7267,TAS
7268,TAS
7269,TAS
7270,TAS
7271,TAS
7272,TAS
7273,TAS
7274,TAS
7275,TAS
7276,TAS
7277,TAS
7278,TAS
7279,TAS
7280,TAS
7281,TAS
7282,TAS
7283,TAS
7284,TAS
7285,TAS
7286,TAS
7287,TAS
7288,TAS
7289,TAS
7290,TAS
7291,TAS
7292,TAS
7293,TAS
7294,TAS
7295,TAS
7296,TAS
7297,TAS
7298,TAS
7299,TAS
7300,TAS
7301,TAS
7302,TAS
7303,TAS
7304,TAS
7305,TAS
7306,TAS
7307,TAS
7308,TAS
7309,TAS
7310,TAS
7311,TAS
7312,TAS
7313,TAS
7314,TAS
7315,TAS
7316,TAS
7317,TAS
7318,TAS
7319,TAS
7320,TAS
7321,TAS
7322,TAS
7323,TAS
7324,TAS
7325,TAS
7326,TAS
7327,TAS
7328,TAS
7329,TAS
7330,TAS
7331,TAS
7332,TAS
7333,TAS
7334,TAS
7335,TAS
7336,TAS
7337,TAS
7338,TAS
7339,TAS
7340,TAS
7341,TAS
7342,TAS
7343,TAS
7344,TAS
7345,TAS
7346,TAS
7347,TAS
7348,TAS
7349,TAS
7350,TAS
7351,TAS
7352,TAS
7353,TAS
7354,TAS
7355,TAS
7356,TAS
7357,TAS
7358,TAS
7359,TAS
7360,TAS
7361,TAS
7362,TAS
7363,TAS
7364,TAS
7365,TAS
7366,TAS
7367,TAS
7368,TAS
7369,TAS
7370,TAS
7371,TAS
7372,TAS
7373,TAS
7374,TAS
7375,TAS
7376,TAS
7377,TAS
7378,TAS
7379,TAS
7380,TAS
7381,TAS
7382,TAS
7383,TAS
7384,TAS
7385,TAS
7386,TAS
7387,TAS
7388,TAS
7389,TAS
7390,TAS
7391,TAS
7392,TAS
7393,TAS
7394,TAS
7395,TAS
7396,TAS
7397,TAS
7398,TAS
7399,TAS
7400,TAS
7401,TAS
7402,TAS
7403,TAS
7404,TAS
7405,TAS
7406,TAS
7407,TAS
7408,TAS
7409,TAS
7410,TAS
7411,TAS
7412,TAS
7413,TAS
7414,TAS
7415,TAS
7416,TAS
7417,TAS
7418,TAS
7419,TAS
7420,TAS
7421,TAS
7422,TAS
7423,TAS
7424,TAS
7425,TAS
7426,TAS
7427,TAS
7428,TAS
7429,TAS
7430,TAS
7431,TAS
7432,TAS
7433,TAS
7434,TAS
7435,TAS
7436,TAS
7437,TAS
7438,TAS
7439,TAS
7440,TAS
7441,TAS
7442,TAS
7443,TAS
7444,TAS
7445,TAS
7446,TAS
7447,TAS
7448,TAS
7449,TAS
7450,TAS
7451,TAS
7452,TAS
7453,TAS
7454,TAS
7455,TAS
7456,TAS
7457,TAS
7458,TAS
7459,TAS
7460,TAS
7461,TAS
7462,TAS
7463,TAS
7464,TAS
7465,TAS
7466,TAS
7467,TAS
7468,TAS
7469,TAS
7470,TAS
7471,TAS
7472,TAS
7473,TAS
7474,TAS
7475,TAS
7476,TAS
7477,TAS
7478,TAS
7479,TAS
7480,TAS
7481,TAS
7482,TAS
7483,TAS
7484,TAS
7485,TAS
7486,TAS
7487,TAS
7488,TAS
7489,TAS
7490,TAS
7491,TAS
7492,TAS
7493,TAS
7494,TAS
7495,TAS
7496,TAS
7497,TAS
7498,TAS
7499,TAS
7500,TAS
7501,TAS
7502,TAS
7503,TAS
7504,TAS
7505,TAS
7506,TAS
7507,TAS
7508,TAS
7509,TAS
7510,TAS
7511,TAS
7512,TAS
7513,TAS
7514,TAS
7515,TAS
7516,TAS
7517,TAS
7518,TAS
7519,TAS
7520,TAS
7521,TAS
7522,TAS
7523,TAS
7524,TAS
7525,TAS
7526,TAS
7527,TAS
7528,TAS
7529,TAS
7530,TAS
7531,TAS
7532,TAS
7533,TAS
7534,TAS
7535,TAS
7536,TAS
7537,TAS
7538,TAS
7539,TAS
7540,TAS
7541,TAS
7542,TAS
7543,TAS
7544,TAS
7545,TAS
7546,TAS
7547,TAS
7548,TAS
7549,TAS
7550,TAS
7551,TAS
7552,TAS
7553,TAS
7554,TAS
7555,TAS
7556,TAS
7557,TAS
7558,TAS
7559,TAS
7560,TAS
7561,TAS
7562,TAS
7563,TAS
7564,TAS
7565,TAS
7566,TAS
7567,TAS
7568,TAS
7569,TAS
7570,TAS
7571,TAS
7572,TAS
7573,TAS
7574,TAS
7575,TAS
7576,TAS
7577,TAS
7578,TAS
7579,TAS
7580,TAS
7581,TAS
7582,TAS
7583,TAS
7584,TAS
7585,TAS
7586,TAS
7587,TAS
7588,TAS
7589,TAS
7590,TAS
7591,TAS
7592,TAS
7593,TAS
7594,TAS
7595,TAS
7596,TAS
7597,TAS
7598,TAS
7599,TAS
7600,TAS
7601,TAS
7602,TAS
7603,TAS
7604,TAS
7605,TAS
7606,TAS
7607,TAS
7608,TAS
7609,TAS
7610,TAS
7611,TAS
7612,TAS
7613,TAS
7614,TAS
7615,TAS
7616,TAS
7617,TAS
7618,TAS
7619,TAS
7620,TAS
7621,TAS
7622,TAS
7623,TAS
7624,TAS
7625,TAS
7626,TAS
7627,TAS
7628,TAS
7629,TAS
7630,TAS
7631,TAS
7632,TAS
7633,TAS
7634,TAS
7635,TAS
7636,TAS
7637,TAS
7638,TAS
7639,TAS
7640,TAS
7641,TAS
7642,TAS
7643,TAS
7644,TAS
7645,TAS
7646,TAS
7647,TAS
7648,TAS
7649,TAS
7650,TAS
7651,TAS
7652,TAS
7653,TAS
7654,TAS
7655,TAS
7656,TAS
7657,TAS
7658,TAS
7659,TAS
7660,TAS
7661,TAS
7662,TAS
7663,TAS
7664,TAS
7665,TAS
7666,TAS
7667,TAS
7668,TAS
7669,TAS
7670,TAS
7671,TAS
7672,TAS
7673,TAS
7674,TAS
7675,TAS
7676,TAS
7677,TAS
7678,TAS
7679,TAS
7680,TAS
7681,TAS
7682,TAS
7683,TAS
7684,TAS
7685,TAS
7686,TAS
7687,TAS
7688,TAS
7689,TAS
7690,TAS
7691,TAS
7692,TAS
7693,TAS
7694,TAS
7695,TAS
7696,TAS
7697,TAS
7698,TAS
7699,TAS
7700,TAS
7701,TAS
7702,TAS
7703,TAS
7704,TAS
7705,TAS
7706,TAS
7707,TAS
7708,TAS
7709,TAS
7710,TAS
7711,TAS
7712,TAS
7713,TAS
7714,TAS
7715,TAS
7716,TAS
7717,TAS
7718,TAS
7719,TAS
7720,TAS
7721,TAS
7722,TAS
7723,TAS
7724,TAS
7725,TAS
7726,TAS
7727,TAS
7728,TAS
7729,TAS
7730,TAS
7731,TAS
7732,TAS
7733,TAS
7734,TAS
7735,TAS
7736,TAS
7737,TAS
7738,TAS
7739,TAS
7740,TAS
7741,TAS
7742,TAS
7743,TAS
7744,TAS
7745,TAS
7746,TAS
7747,TAS
7748,TAS
7749,TAS
7750,TAS
7751,TAS
7752,TAS
7753,TAS
7754,TAS
7755,TAS
7756,TAS
7757,TAS
7758,TAS
7759,TAS
7760,TAS
7761,TAS
7762,TAS
7763,TAS
7764,TAS
7765,TAS
7766,TAS
7767,TAS
7768,TAS
7769,TAS
7770,TAS
7771,TAS
7772,TAS
7773,TAS
7774,TAS
7775,TAS
7776,TAS
7777,TAS
7778,TAS
7779,TAS
7780,TAS
7781,TAS
7782,TAS
7783,TAS
7784,TAS
7785,TAS
7786,TAS
7787,TAS
7788,TAS
7789,TAS
7790,TAS
7791,TAS
7792,TAS
7793,TAS
7794,TAS
7795,TAS
7796,TAS
7797,TAS
7798,TAS
7799,TAS
7800,TAS
7801,TAS
7802,TAS
7803,TAS
7804,TAS
7805,TAS
7806,TAS
7807,TAS
7808,TAS
7809,TAS
7810,TAS
7811,TAS
7812,TAS
7813,TAS
7814,TAS
7815,TAS
7816,TAS
7817,TAS
7818,TAS
7819,TAS
7820,TAS
7821,TAS
7822,TAS
7823,TAS
7824,TAS
7825,TAS
7826,TAS
7827,TAS
7828,TAS
7829,TAS
7830,TAS
7831,TAS
7832,TAS
7833,TAS
7834,TAS
7835,TAS
7836,TAS
7837,TAS
7838,TAS
7839,TAS
7840,TAS
7841,TAS
7842,TAS
7843,TAS
7844,TAS
7845,TAS
7846,TAS
7847,TAS
7848,TAS
7849,TAS
7850,TAS
7851,TAS
7852,TAS
7853,TAS
7854,TAS
7855,TAS
7856,TAS
7857,TAS
7858,TAS
7859,TAS
7860,TAS
7861,TAS
7862,TAS
7863,TAS
7864,TAS
7865,TAS
7866,TAS
7867,TAS
7868,TAS
7869,TAS
7870,TAS
7871,TAS
7872,TAS
7873,TAS
7874,TAS
7875,TAS
7876,TAS
7877,TAS
7878,TAS
7879,TAS
7880,TAS
7881,TAS
7882,TAS
7883,TAS
7884,TAS
7885,TAS
7886,TAS
7887,TAS
7888,TAS
7889,TAS
7890,TAS
7891,TAS
7892,TAS
7893,TAS
7894,TAS
7895,TAS
7896,TAS
7897,TAS
7898,TAS
7899,TAS
7900,TAS
7901,TAS
7902,TAS
7903,TAS
7904,TAS
7905,TAS
7906,TAS
7907,TAS
7908,TAS
7909,TAS
7910,TAS
7911,TAS
7912,TAS
7913,TAS
7914,TAS
7915,TAS
7916,TAS
7917,TAS
7918,TAS
7919,TAS
7920,TAS
7921,TAS
7922,TAS
7923,TAS
7924,TAS
7925,TAS
7926,TAS
7927,TAS
7928,TAS
7929,TAS
7930,TAS
7931,TAS
7932,TAS
7933,TAS
7934,TAS
7935,TAS
7936,TAS
7937,TAS
7938,TAS
7939,TAS
7940,TAS
7941,TAS
7942,TAS
7943,TAS
7944,TAS
7945,TAS
7946,TAS
7947,TAS
7948,TAS
7949,TAS
7950,TAS
7951,TAS
7952,TAS
7953,TAS
7954,TAS
7955,TAS
7956,TAS
7957,TAS
7958,TAS
7959,TAS
7960,TAS
7961,TAS
7962,TAS
7963,TAS
7964,TAS
7965,TAS
7966,TAS
7967,TAS
7968,TAS
7969,TAS
7970,TAS
7971,TAS
7972,TAS
7973,TAS
7974,TAS
7975,TAS
7976,TAS
7977,TAS
7978,TAS
7979,TAS
7980,TAS
7981,TAS
7982,TAS
7983,TAS
7984,TAS
7985,TAS
7986,TAS
7987,TAS
7988,TAS
7989,TAS
7990,TAS
7991,TAS
7992,TAS
7993,TAS
7994,TAS
7995,TAS
7996,TAS
7997,TAS
7998,TAS
7999,TAS
8000,VIC
8001,VIC
8002,VIC
8003,VIC
8004,VIC
8005,VIC
8006,VIC
8007,VIC
8008,VIC
8009,VIC
8010,VIC
8011,VIC
8012,VIC
8013,VIC
8014,VIC
8015,VIC
8016,VIC
8017,VIC
8018,VIC
8019,VIC
8020,VIC
8021,VIC
8022,VIC
8023,VIC
8024,VIC
8025,VIC
8026,VIC
8027,VIC
8028,VIC
8029,VIC
8030,VIC
8031,VIC
8032,VIC
8033,VIC
8034,VIC
8035,VIC
8036,VIC
8037,VIC
8038,VIC
8039,VIC
8040,VIC
8041,VIC
8042,VIC
8043,VIC
8044,VIC
8045,VIC
8046,VIC
8047,VIC
8048,VIC
8049,VIC
8050,VIC
8051,VIC
8052,VIC
8053,VIC
8054,VIC
8055,VIC
8056,VIC
8057,VIC
8058,VIC
8059,VIC
8060,VIC
8061,VIC
8062,VIC
8063,VIC
8064,VIC
8065,VIC
8066,VIC
8067,VIC
8068,VIC
8069,VIC
8070,VIC
8071,VIC
8072,VIC
8073,VIC
8074,VIC
8075,VIC
8076,VIC
8077,VIC
8078,VIC
8079,VIC
8080,VIC
8081,VIC
8082,VIC
8083,VIC
8084,VIC
8085,VIC
8086,VIC
8087,VIC
8088,VIC
8089,VIC
8090,VIC
8091,VIC
8092,VIC
8093,VIC
8094,VIC
8095,VIC
8096,VIC
8097,VIC
8098,VIC
8099,VIC
8100,VIC
8101,VIC
8102,VIC
8103,VIC
8104,VIC
8105,VIC
8106,VIC
8107,VIC
8108,VIC
8109,VIC
8110,VIC
8111,VIC
8112,VIC
8113,VIC
8114,VIC
8115,VIC
8116,VIC
8117,VIC
8118,VIC
8119,VIC
8120,VIC
8121,VIC
8122,VIC
8123,VIC
8124,VIC
8125,VIC
8126,VIC
8127,VIC
8128,VIC
8129,VIC
8130,VIC
8131,VIC
8132,VIC
8133,VIC
8134,VIC
8135,VIC
8136,VIC
8137,VIC
8138,VIC
8139,VIC
8140,VIC
8141,VIC
8142,VIC
8143,VIC
8144,VIC
8145,VIC
8146,VIC
8147,VIC
8148,VIC
8149,VIC
8150,VIC
8151,VIC
8152,VIC
8153,VIC
8154,VIC
8155,VIC
8156,VIC
8157,VIC
8158,VIC
8159,VIC
8160,VIC
8161,VIC
8162,VIC
8163,VIC
8164,VIC
8165,VIC
8166,VIC
8167,VIC
8168,VIC
8169,VIC
8170,VIC
8171,VIC
8172,VIC
8173,VIC
8174,VIC
8175,VIC
8176,VIC
8177,VIC
8178,VIC
8179,VIC
8180,VIC
8181,VIC
8182,VIC
8183,VIC
8184,VIC
8185,VIC
8186,VIC
8187,VIC
8188,VIC
8189,VIC
8190,VIC
8191,VIC
8192,VIC
8193,VIC
8194,VIC
8195,VIC
8196,VIC
8197,VIC
8198,VIC
8199,VIC
8200,VIC
8201,VIC
8202,VIC
8203,VIC
8204,VIC
8205,VIC
8206,VIC
8207,VIC
8208,VIC
8209,VIC
8210,VIC
8211,VIC
8212,VIC
8213,VIC
8214,VIC
8215,VIC
8216,VIC
8217,VIC
8218,VIC
8219,VIC
8220,VIC
8221,VIC
8222,VIC
8223,VIC
8224,VIC
8225,VIC
8226,VIC
8227,VIC
8228,VIC
8229,VIC
8230,VIC
8231,VIC
8232,VIC
8233,VIC
8234,VIC
8235,VIC
8236,VIC
8237,VIC
8238,VIC
8239,VIC
8240,VIC
8241,VIC
8242,VIC
8243,VIC
8244,VIC
8245,VIC
8246,VIC
8247,VIC
8248,VIC
8249,VIC
8250,VIC
8251,VIC
8252,VIC
8253,VIC
8254,VIC
8255,VIC
8256,VIC
8257,VIC
8258,VIC
8259,VIC
8260,VIC
8261,VIC
8262,VIC
8263,VIC
8264,VIC
8265,VIC
8266,VIC
8267,VIC
8268,VIC
8269,VIC
8270,VIC
8271,VIC
8272,VIC
8273,VIC
8274,VIC
8275,VIC
8276,VIC
8277,VIC
8278,VIC
8279,VIC
8280,VIC
8281,VIC
8282,VIC
8283,VIC
8284,VIC
8285,VIC
8286,VIC
8287,VIC
8288,VIC
8289,VIC
8290,VIC
8291,VIC
8292,VIC
8293,VIC
8294,VIC
8295,VIC
8296,VIC
8297,VIC
8298,VIC
8299,VIC
8300,VIC
8301,VIC
8302,VIC
8303,VIC
8304,VIC
8305,VIC
8306,VIC
8307,VIC
8308,VIC
8309,VIC
8310,VIC
8311,VIC
8312,VIC
8313,VIC
8314,VIC
8315,VIC
8316,VIC
8317,VIC
8318,VIC
8319,VIC
8320,VIC
8321,VIC
8322,VIC
8323,VIC
8324,VIC
8325,VIC
8326,VIC
8327,VIC
8328,VIC
8329,VIC
8330,VIC
8331,VIC
8332,VIC
8333,VIC
8334,VIC
8335,VIC
8336,VIC
8337,VIC
8338,VIC
8339,VIC
8340,VIC
8341,VIC
8342,VIC
8343,VIC
8344,VIC
8345,VIC
8346,VIC
8347,VIC
8348,VIC
8349,VIC
8350,VIC
8351,VIC
8352,VIC
8353,VIC
8354,VIC
8355,VIC
8356,VIC
8357,VIC
8358,VIC
8359,VIC
8360,VIC
8361,VIC
8362,VIC
8363,VIC
8364,VIC
8365,VIC
8366,VIC
8367,VIC
8368,VIC
8369,VIC
8370,VIC
8371,VIC
8372,VIC
8373,VIC
8374,VIC
8375,VIC
8376,VIC
8377,VIC
8378,VIC
8379,VIC
8380,VIC
8381,VIC
8382,VIC
8383,VIC
8384,VIC
8385,VIC
8386,VIC
8387,VIC
8388,VIC
8389,VIC
8390,VIC
8391,VIC
8392,VIC
8393,VIC
8394,VIC
8395,VIC
8396,VIC
8397,VIC
8398,VIC
8399,VIC
8400,VIC
8401,VIC
8402,VIC
8403,VIC
8404,VIC
8405,VIC
8406,VIC
8407,VIC
8408,VIC
8409,VIC
8410,VIC
8411,VIC
8412,VIC
8413,VIC
8414,VIC
8415,VIC
8416,VIC
8417,VIC
8418,VIC
8419,VIC
8420,VIC
8421,VIC
8422,VIC
8423,VIC
8424,VIC
8425,VIC
8426,VIC
8427,VIC
8428,VIC
8429,VIC
8430,VIC
8431,VIC
8432,VIC
8433,VIC
8434,VIC
8435,VIC
8436,VIC
8437,VIC
8438,VIC
8439,VIC
8440,VIC
8441,VIC
8442,VIC
8443,VIC
8444,VIC
8445,VIC
8446,VIC
8447,VIC
8448,VIC
8449,VIC
8450,VIC
8451,VIC
8452,VIC
8453,VIC
8454,VIC
8455,VIC
8456,VIC
8457,VIC
8458,VIC
8459,VIC
8460,VIC
8461,VIC
8462,VIC
8463,VIC
8464,VIC
8465,VIC
8466,VIC
8467,VIC
8468,VIC
8469,VIC
8470,VIC
8471,VIC
8472,VIC
8473,VIC
8474,VIC
8475,VIC
8476,VIC
8477,VIC
8478,VIC
8479,VIC
8480,VIC
8481,VIC
8482,VIC
8483,VIC
8484,VIC
8485,VIC
8486,VIC
8487,VIC
8488,VIC
8489,VIC
8490,VIC
8491,VIC
8492,VIC
8493,VIC
8494,VIC
8495,VIC
8496,VIC
8497,VIC
8498,VIC
8499,VIC
8500,VIC
8501,VIC
8502,VIC
8503,VIC
8504,VIC
8505,VIC
8506,VIC
8507,VIC
8508,VIC
8509,VIC
8510,VIC
8511,VIC
8512,VIC
8513,VIC
8514,VIC
8515,VIC
8516,VIC
8517,VIC
8518,VIC
8519,VIC
8520,VIC
8521,VIC
8522,VIC
8523,VIC
8524,VIC
8525,VIC
8526,VIC
8527,VIC
8528,VIC
8529,VIC
8530,VIC
8531,VIC
8532,VIC
8533,VIC
8534,VIC
8535,VIC
8536,VIC
8537,VIC
8538,VIC
8539,VIC
8540,VIC
8541,VIC
8542,VIC
8543,VIC
8544,VIC
8545,VIC
8546,VIC
8547,VIC
8548,VIC
8549,VIC
8550,VIC
8551,VIC
8552,VIC
8553,VIC
8554,VIC
8555,VIC
8556,VIC
8557,VIC
8558,VIC
8559,VIC
8560,VIC
8561,VIC
8562,VIC
8563,VIC
8564,VIC
8565,VIC
8566,VIC
8567,VIC
8568,VIC
8569,VIC
8570,VIC
8571,VIC
8572,VIC
8573,VIC
8574,VIC
8575,VIC
8576,VIC
8577,VIC
8578,VIC
8579,VIC
8580,VIC
8581,VIC
8582,VIC
8583,VIC
8584,VIC
8585,VIC
8586,VIC
8587,VIC
8588,VIC
8589,VIC
8590,VIC
8591,VIC
8592,VIC
8593,VIC
8594,VIC
8595,VIC
8596,VIC
8597,VIC
8598,VIC
8599,VIC
8600,VIC
8601,VIC
8602,VIC
8603,VIC
8604,VIC
8605,VIC
8606,VIC
8607,VIC
8608,VIC
8609,VIC
8610,VIC
8611,VIC
8612,VIC
8613,VIC
8614,VIC
8615,VIC
8616,VIC
8617,VIC
8618,VIC
8619,VIC
8620,VIC
8621,VIC
8622,VIC
8623,VIC
8624,VIC
8625,VIC
8626,VIC
8627,VIC
8628,VIC
8629,VIC
8630,VIC
8631,VIC
8632,VIC
8633,VIC
8634,VIC
8635,VIC
8636,VIC
8637,VIC
8638,VIC
8639,VIC
8640,VIC
8641,VIC
8642,VIC
8643,VIC
8644,VIC
8645,VIC
8646,VIC
8647,VIC
8648,VIC
8649,VIC
8650,VIC
8651,VIC
8652,VIC
8653,VIC
8654,VIC
8655,VIC
8656,VIC
8657,VIC
8658,VIC
8659,VIC
8660,VIC
8661,VIC
8662,VIC
8663,VIC
8664,VIC
8665,VIC
8666,VIC
8667,VIC
8668,VIC
8669,VIC
8670,VIC
8671,VIC
8672,VIC
8673,VIC
8674,VIC
8675,VIC
8676,VIC
8677,VIC
8678,VIC
8679,VIC
8680,VIC
8681,VIC
8682,VIC
8683,VIC
8684,VIC
8685,VIC
8686,VIC
8687,VIC
8688,VIC
8689,VIC
8690,VIC
8691,VIC
8692,VIC
8693,VIC
8694,VIC
8695,VIC
8696,VIC
8697,VIC
8698,VIC
8699,VIC
8700,VIC
8701,VIC
8702,VIC
8703,VIC
8704,VIC
8705,VIC
8706,VIC
8707,VIC
8708,VIC
8709,VIC
8710,VIC
8711,VIC
8712,VIC
8713,VIC
8714,VIC
8715,VIC
8716,VIC
8717,VIC
8718,VIC
8719,VIC
8720,VIC
8721,VIC
8722,VIC
8723,VIC
8724,VIC
8725,VIC
8726,VIC
8727,VIC
8728,VIC
8729,VIC
8730,VIC
8731,VIC
8732,VIC
8733,VIC
8734,VIC
8735,VIC
8736,VIC
8737,VIC
8738,VIC
8739,VIC
8740,VIC
8741,VIC
8742,VIC
8743,VIC
8744,VIC
8745,VIC
8746,VIC
8747,VIC
8748,VIC
8749,VIC
8750,VIC
8751,VIC
8752,VIC
8753,VIC
8754,VIC
8755,VIC
8756,VIC
8757,VIC
8758,VIC
8759,VIC
8760,VIC
8761,VIC
8762,VIC
8763,VIC
8764,VIC
8765,VIC
8766,VIC
8767,VIC
8768,VIC
8769,VIC
8770,VIC
8771,VIC
8772,VIC
8773,VIC
8774,VIC
8775,VIC
8776,VIC
8777,VIC
8778,VIC
8779,VIC
8780,VIC
8781,VIC
8782,VIC
8783,VIC
8784,VIC
8785,VIC
8786,VIC
8787,VIC
8788,VIC
8789,VIC
8790,VIC
8791,VIC
8792,VIC
8793,VIC
8794,VIC
8795,VIC
8796,VIC
8797,VIC
8798,VIC
8799,VIC
8800,VIC
8801,VIC
8802,VIC
8803,VIC
8804,VIC
8805,VIC
8806,VIC
8807,VIC
8808,VIC
8809,VIC
8810,VIC
8811,VIC
8812,VIC
8813,VIC
8814,VIC
8815,VIC
8816,VIC
8817,VIC
8818,VIC
8819,VIC
8820,VIC
8821,VIC
8822,VIC
8823,VIC
8824,VIC
8825,VIC
8826,VIC
8827,VIC
8828,VIC
8829,VIC
8830,VIC
8831,VIC
8832,VIC
8833,VIC
8834,VIC
8835,VIC
8836,VIC
8837,VIC
8838,VIC
8839,VIC
8840,VIC
8841,VIC
8842,VIC
8843,VIC
8844,VIC
8845,VIC
8846,VIC
8847,VIC
8848,VIC
8849,VIC
8850,VIC
8851,VIC
8852,VIC
8853,VIC
8854,VIC
8855,VIC
8856,VIC
8857,VIC
8858,VIC
8859,VIC
8860,VIC
8861,VIC
8862,VIC
8863,VIC
8864,VIC
8865,VIC
8866,VIC
8867,VIC
8868,VIC
8869,VIC
8870,VIC
8871,VIC
8872,VIC
8873,VIC
8874,VIC
8875,VIC
8876,VIC
8877,VIC
8878,VIC
8879,VIC
8880,VIC
8881,VIC
8882,VIC
8883,VIC
8884,VIC
8885,VIC
8886,VIC
8887,VIC
8888,VIC
8889,VIC
8890,VIC
8891,VIC
8892,VIC
8893,VIC
8894,VIC
8895,VIC
8896,VIC
8897,VIC
8898,VIC
8899,VIC
8900,VIC
8901,VIC
8902,VIC
8903,VIC
8904,VIC
8905,VIC
8906,VIC
8907,VIC
8908,VIC
8909,VIC
8910,VIC
8911,VIC
8912,VIC
8913,VIC
8914,VIC
8915,VIC
8916,VIC
8917,VIC
8918,VIC
8919,VIC
8920,VIC
8921,VIC
8922,VIC
8923,VIC
8924,VIC
8925,VIC
8926,VIC
8927,VIC
8928,VIC
8929,VIC
8930,VIC
8931,VIC
8932,VIC
8933,VIC
8934,VIC
8935,VIC
8936,VIC
8937,VIC
8938,VIC
8939,VIC
8940,VIC
8941,VIC
8942,VIC
8943,VIC
8944,VIC
8945,VIC
8946,VIC
8947,VIC
8948,VIC
8949,VIC
8950,VIC
8951,VIC
8952,VIC
8953,VIC
8954,VIC
8955,VIC
8956,VIC
8957,VIC
8958,VIC
8959,VIC
8960,VIC
8961,VIC
8962,VIC
8963,VIC
8964,VIC
8965,VIC
8966,VIC
8967,VIC
8968,VIC
8969,VIC
8970,VIC
8971,VIC
8972,VIC
8973,VIC
8974,VIC
8975,VIC
8976,VIC
8977,VIC
8978,VIC
8979,VIC
8980,VIC
8981,VIC
8982,VIC
8983,VIC
8984,VIC
8985,VIC
8986,VIC
8987,VIC
8988,VIC
8989,VIC
8990,VIC
8991,VIC
8992,VIC
8993,VIC
8994,VIC
8995,VIC
8996,VIC
8997,VIC
8998,VIC
8999,VIC
9000,QLD
9001,QLD
9002,QLD
9003,QLD
9004,QLD
9005,QLD
9006,QLD
9007,QLD
9008,QLD
9009,QLD
9010,QLD
9011,QLD
9012,QLD
9013,QLD
9014,QLD
9015,QLD
9016,QLD
9017,QLD
9018,QLD
9019,QLD
9020,QLD
9021,QLD
9022,QLD
9023,QLD
9024,QLD
9025,QLD
9026,QLD
9027,QLD
9028,QLD
9029,QLD
9030,QLD
9031,QLD
9032,QLD
9033,QLD
9034,QLD
9035,QLD
9036,QLD
9037,QLD
9038,QLD
9039,QLD
9040,QLD
9041,QLD
9042,QLD
9043,QLD
9044,QLD
9045,QLD
9046,QLD
9047,QLD
9048,QLD
9049,QLD
9050,QLD
9051,QLD
9052,QLD
9053,QLD
9054,QLD
9055,QLD
9056,QLD
9057,QLD
9058,QLD
9059,QLD
9060,QLD
9061,QLD
9062,QLD
9063,QLD
9064,QLD
9065,QLD
9066,QLD
9067,QLD
9068,QLD
9069,QLD
9070,QLD
9071,QLD
9072,QLD
9073,QLD
9074,QLD
9075,QLD
9076,QLD
9077,QLD
9078,QLD
9079,QLD
9080,QLD
9081,QLD
9082,QLD
9083,QLD
9084,QLD
9085,QLD
9086,QLD
9087,QLD
9088,QLD
9089,QLD
9090,QLD
9091,QLD
9092,QLD
9093,QLD
9094,QLD
9095,QLD
9096,QLD
9097,QLD
9098,QLD
9099,QLD
9100,QLD
9101,QLD
9102,QLD
9103,QLD
9104,QLD
9105,QLD
9106,QLD
9107,QLD
9108,QLD
9109,QLD
9110,QLD
9111,QLD
9112,QLD
9113,QLD
9114,QLD
9115,QLD
9116,QLD
9117,QLD
9118,QLD
9119,QLD
9120,QLD
9121,QLD
9122,QLD
9123,QLD
9124,QLD
9125,QLD
9126,QLD
9127,QLD
9128,QLD
9129,QLD
9130,QLD
9131,QLD
9132,QLD
9133,QLD
9134,QLD
9135,QLD
9136,QLD
9137,QLD
9138,QLD
9139,QLD
9140,QLD
9141,QLD
9142,QLD
9143,QLD
9144,QLD
9145,QLD
9146,QLD
9147,QLD
9148,QLD
9149,QLD
9150,QLD
9151,QLD
9152,QLD
9153,QLD
9154,QLD
9155,QLD
9156,QLD
9157,QLD
9158,QLD
9159,QLD
9160,QLD
9161,QLD
9162,QLD
9163,QLD
9164,QLD
9165,QLD
9166,QLD
9167,QLD
9168,QLD
9169,QLD
9170,QLD
9171,QLD
9172,QLD
9173,QLD
9174,QLD
9175,QLD
9176,QLD
9177,QLD
9178,QLD
9179,QLD
9180,QLD
9181,QLD
9182,QLD
9183,QLD
9184,QLD
9185,QLD
9186,QLD
9187,QLD
9188,QLD
9189,QLD
9190,QLD
9191,QLD
9192,QLD
9193,QLD
9194,QLD
9195,QLD
9196,QLD
9197,QLD
9198,QLD
9199,QLD
9200,QLD
9201,QLD
9202,QLD
9203,QLD
9204,QLD
9205,QLD
9206,QLD
9207,QLD
9208,QLD
9209,QLD
9210,QLD
9211,QLD
9212,QLD
9213,QLD
9214,QLD
9215,QLD
9216,QLD
9217,QLD
9218,QLD
9219,QLD
9220,QLD
9221,QLD
9222,QLD
9223,QLD
9224,QLD
9225,QLD
9226,QLD
9227,QLD
9228,QLD
9229,QLD
9230,QLD
9231,QLD
9232,QLD
9233,QLD
9234,QLD
9235,QLD
9236,QLD
9237,QLD
9238,QLD
9239,QLD
9240,QLD
9241,QLD
9242,QLD
9243,QLD
9244,QLD
9245,QLD
9246,QLD
9247,QLD
9248,QLD
9249,QLD
9250,QLD
9251,QLD
9252,QLD
9253,QLD
9254,QLD
9255,QLD
9256,QLD
9257,QLD
9258,QLD
9259,QLD
9260,QLD
9261,QLD
9262,QLD
9263,QLD
9264,QLD
9265,QLD
9266,QLD
9267,QLD
9268,QLD
9269,QLD
9270,QLD
9271,QLD
9272,QLD
9273,QLD
9274,QLD
9275,QLD
9276,QLD
9277,QLD
9278,QLD
9279,QLD
9280,QLD
9281,QLD
9282,QLD
9283,QLD
9284,QLD
9285,QLD
9286,QLD
9287,QLD
9288,QLD
9289,QLD
9290,QLD
9291,QLD
9292,QLD
9293,QLD
9294,QLD
9295,QLD
9296,QLD
9297,QLD
9298,QLD
9299,QLD
9300,QLD
9301,QLD
9302,QLD
9303,QLD
9304,QLD
9305,QLD
9306,QLD
9307,QLD
9308,QLD
9309,QLD
9310,QLD
9311,QLD
9312,QLD
9313,QLD
9314,QLD
9315,QLD
9316,QLD
9317,QLD
9318,QLD
9319,QLD
9320,QLD
9321,QLD
9322,QLD
9323,QLD
9324,QLD
9325,QLD
9326,QLD
9327,QLD
9328,QLD
9329,QLD
9330,QLD
9331,QLD
9332,QLD
9333,QLD
9334,QLD
9335,QLD
9336,QLD
9337,QLD
9338,QLD
9339,QLD
9340,QLD
9341,QLD
9342,QLD
9343,QLD
9344,QLD
9345,QLD
9346,QLD
9347,QLD
9348,QLD
9349,QLD
9350,QLD
9351,QLD
9352,QLD
9353,QLD
9354,QLD
9355,QLD
9356,QLD
9357,QLD
9358,QLD
9359,QLD
9360,QLD
9361,QLD
9362,QLD
9363,QLD
9364,QLD
9365,QLD
9366,QLD
9367,QLD
9368,QLD
9369,QLD
9370,QLD
9371,QLD
9372,QLD
9373,QLD
9374,QLD
9375,QLD
9376,QLD
9377,QLD
9378,QLD
9379,QLD
9380,QLD
9381,QLD
9382,QLD
9383,QLD
9384,QLD
9385,QLD
9386,QLD
9387,QLD
9388,QLD
9389,QLD
9390,QLD
9391,QLD
9392,QLD
9393,QLD
9394,QLD
9395,QLD
9396,QLD
9397,QLD
9398,QLD
9399,QLD
9400,QLD
9401,QLD
9402,QLD
9403,QLD
9404,QLD
9405,QLD
9406,QLD
9407,QLD
9408,QLD
9409,QLD
9410,QLD
9411,QLD
9412,QLD
9413,QLD
9414,QLD
9415,QLD
9416,QLD
9417,QLD
9418,QLD
9419,QLD
9420,QLD
9421,QLD
9422,QLD
9423,QLD
9424,QLD
9425,QLD
9426,QLD
9427,QLD
9428,QLD
9429,QLD
9430,QLD
9431,QLD
9432,QLD
9433,QLD
9434,QLD
9435,QLD
9436,QLD
9437,QLD
9438,QLD
9439,QLD
9440,QLD
9441,QLD
9442,QLD
9443,QLD
9444,QLD
9445,QLD
9446,QLD
9447,QLD
9448,QLD
9449,QLD
9450,QLD
9451,QLD
9452,QLD
9453,QLD
9454,QLD
9455,QLD
9456,QLD
9457,QLD
9458,QLD
9459,QLD
9460,QLD
9461,QLD
9462,QLD
9463,QLD
9464,QLD
9465,QLD
9466,QLD
9467,QLD
9468,QLD
9469,QLD
9470,QLD
9471,QLD
9472,QLD
9473,QLD
9474,QLD
9475,QLD
9476,QLD
9477,QLD
9478,QLD
9479,QLD
9480,QLD
9481,QLD
9482,QLD
9483,QLD
9484,QLD
9485,QLD
9486,QLD
9487,QLD
9488,QLD
9489,QLD
9490,QLD
9491,QLD
9492,QLD
9493,QLD
9494,QLD
9495,QLD
9496,QLD
9497,QLD
9498,QLD
9499,QLD
9500,QLD
9501,QLD
9502,QLD
9503,QLD
9504,QLD
9505,QLD
9506,QLD
9507,QLD
9508,QLD
9509,QLD
9510,QLD
9511,QLD
9512,QLD
9513,QLD
9514,QLD
9515,QLD
9516,QLD
9517,QLD
9518,QLD
9519,QLD
9520,QLD
9521,QLD
9522,QLD
9523,QLD
9524,QLD
9525,QLD
9526,QLD
9527,QLD
9528,QLD
9529,QLD
9530,QLD
9531,QLD
9532,QLD
9533,QLD
9534,QLD
9535,QLD
9536,QLD
9537,QLD
9538,QLD
9539,QLD
9540,QLD
9541,QLD
9542,QLD
9543,QLD
9544,QLD
9545,QLD
9546,QLD
9547,QLD
9548,QLD
9549,QLD
9550,QLD
9551,QLD
9552,QLD
9553,QLD
9554,QLD
9555,QLD
9556,QLD
9557,QLD
9558,QLD
9559,QLD
9560,QLD
9561,QLD
9562,QLD
9563,QLD
9564,QLD
9565,QLD
9566,QLD
9567,QLD
9568,QLD
9569,QLD
9570,QLD
9571,QLD
9572,QLD
9573,QLD
9574,QLD
9575,QLD
9576,QLD
9577,QLD
9578,QLD
9579,QLD
9580,QLD
9581,QLD
9582,QLD
9583,QLD
9584,QLD
9585,QLD
9586,QLD
9587,QLD
9588,QLD
9589,QLD
9590,QLD
9591,QLD
9592,QLD
9593,QLD
9594,QLD
9595,QLD
9596,QLD
9597,QLD
9598,QLD
9599,QLD
9600,QLD
9601,QLD
9602,QLD
9603,QLD
9604,QLD
9605,QLD
9606,QLD
9607,QLD
9608,QLD
9609,QLD
9610,QLD
9611,QLD
9612,QLD
9613,QLD
9614,QLD
9615,QLD
9616,QLD
9617,QLD
9618,QLD
9619,QLD
9620,QLD
9621,QLD
9622,QLD
9623,QLD
9624,QLD
9625,QLD
9626,QLD
9627,QLD
9628,QLD
9629,QLD
9630,QLD
9631,QLD
9632,QLD
9633,QLD
9634,QLD
9635,QLD
9636,QLD
9637,QLD
9638,QLD
9639,QLD
9640,QLD
9641,QLD
9642,QLD
9643,QLD
9644,QLD
9645,QLD
9646,QLD
9647,QLD
9648,QLD
9649,QLD
9650,QLD
9651,QLD
9652,QLD
9653,QLD
9654,QLD
9655,QLD
9656,QLD
9657,QLD
9658,QLD
9659,QLD
9660,QLD
9661,QLD
9662,QLD
9663,QLD
9664,QLD
9665,QLD
9666,QLD
9667,QLD
9668,QLD
9669,QLD
9670,QLD
9671,QLD
9672,QLD
9673,QLD
9674,QLD
9675,QLD
9676,QLD
9677,QLD
9678,QLD
9679,QLD
9680,QLD
9681,QLD
9682,QLD
9683,QLD
9684,QLD
9685,QLD
9686,QLD
9687,QLD
9688,QLD
9689,QLD
9690,QLD
9691,QLD
9692,QLD
9693,QLD
9694,QLD
9695,QLD
9696,QLD
9697,QLD
9698,QLD
9699,QLD
9700,QLD
9701,QLD
9702,QLD
9703,QLD
9704,QLD
9705,QLD
9706,QLD
9707,QLD
9708,QLD
9709,QLD
9710,QLD
9711,QLD
9712,QLD
9713,QLD
9714,QLD
9715,QLD
9716,QLD
9717,QLD
9718,QLD
9719,QLD
9720,QLD
9721,QLD
9722,QLD
9723,QLD
9724,QLD
9725,QLD
9726,QLD
9727,QLD
9728,QLD
9729,QLD
9730,QLD
9731,QLD
9732,QLD
9733,QLD
9734,QLD
9735,QLD
9736,QLD
9737,QLD
9738,QLD
9739,QLD
9740,QLD
9741,QLD
9742,QLD
9743,QLD
9744,QLD
9745,QLD
9746,QLD
9747,QLD
9748,QLD
9749,QLD
9750,QLD
9751,QLD
9752,QLD
9753,QLD
9754,QLD
9755,QLD
9756,QLD
9757,QLD
9758,QLD
9759,QLD
9760,QLD
9761,QLD
9762,QLD
9763,QLD
9764,QLD
9765,QLD
9766,QLD
9767,QLD
9768,QLD
9769,QLD
9770,QLD
9771,QLD
9772,QLD
9773,QLD
9774,QLD
9775,QLD
9776,QLD
9777,QLD
9778,QLD
9779,QLD
9780,QLD
9781,QLD
9782,QLD
9783,QLD
9784,QLD
9785,QLD
9786,QLD
9787,QLD
9788,QLD
9789,QLD
9790,QLD
9791,QLD
9792,QLD
9793,QLD
9794,QLD
9795,QLD
9796,QLD
9797,QLD
9798,QLD
9799,QLD
9800,QLD
9801,QLD
9802,QLD
9803,QLD
9804,QLD
9805,QLD
9806,QLD
9807,QLD
9808,QLD
9809,QLD
9810,QLD
9811,QLD
9812,QLD
9813,QLD
9814,QLD
9815,QLD
9816,QLD
9817,QLD
9818,QLD
9819,QLD
9820,QLD
9821,QLD
9822,QLD
9823,QLD
9824,QLD
9825,QLD
9826,QLD
9827,QLD
9828,QLD
9829,QLD
9830,QLD
9831,QLD
9832,QLD
9833,QLD
9834,QLD
9835,QLD
9836,QLD
9837,QLD
9838,QLD
9839,QLD
9840,QLD
9841,QLD
9842,QLD
9843,QLD
9844,QLD
9845,QLD
9846,QLD
9847,QLD
9848,QLD
9849,QLD
9850,QLD
9851,QLD
9852,QLD
9853,QLD
9854,QLD
9855,QLD
9856,QLD
9857,QLD
9858,QLD
9859,QLD
9860,QLD
9861,QLD
9862,QLD
9863,QLD
9864,QLD
9865,QLD
9866,QLD
9867,QLD
9868,QLD
9869,QLD
9870,QLD
9871,QLD
9872,QLD
9873,QLD
9874,QLD
9875,QLD
9876,QLD
9877,QLD
9878,QLD
9879,QLD
9880,QLD
9881,QLD
9882,QLD
9883,QLD
9884,QLD
9885,QLD
9886,QLD
9887,QLD
9888,QLD
9889,QLD
9890,QLD
9891,QLD
9892,QLD
9893,QLD
9894,QLD
9895,QLD
9896,QLD
9897,QLD
9898,QLD
9899,QLD
9900,QLD
9901,QLD
9902,QLD
9903,QLD
9904,QLD
9905,QLD
9906,QLD
9907,QLD
9908,QLD
9909,QLD
9910,QLD
9911,QLD
9912,QLD
9913,QLD
9914,QLD
9915,QLD
9916,QLD
9917,QLD
9918,QLD
9919,QLD
9920,QLD
9921,QLD
9922,QLD
9923,QLD
9924,QLD
9925,QLD
9926,QLD
9927,QLD
9928,QLD
9929,QLD
9930,QLD
9931,QLD
9932,QLD
9933,QLD
9934,QLD
9935,QLD
9936,QLD
9937,QLD
9938,QLD
9939,QLD
9940,QLD
9941,QLD
9942,QLD
9943,QLD
9944,QLD
9945,QLD
9946,QLD
9947,QLD
9948,QLD
9949,QLD
9950,QLD
9951,QLD
9952,QLD
9953,QLD
9954,QLD
9955,QLD
9956,QLD
9957,QLD
9958,QLD
9959,QLD
9960,QLD
9961,QLD
9962,QLD
9963,QLD
9964,QLD
9965,QLD
9966,QLD
9967,QLD
9968,QLD
9969,QLD
9970,QLD
9971,QLD
9972,QLD
9973,QLD
9974,QLD
9975,QLD
9976,QLD
9977,QLD
9978,QLD
9979,QLD
9980,QLD
9981,QLD
9982,QLD
9983,QLD
9984,QLD
9985,QLD
9986,QLD
9987,QLD
9988,QLD
9989,QLD
9990,QLD
9991,QLD
9992,QLD
9993,QLD
9994,QLD
9995,QLD
9996,QLD
9997,QLD